county_fips,state_fips,cases,deaths
1001,1000,1928,28.0
1003,1000,6270,66.0
1005,1000,950,9.0
1007,1000,744,13.0
1009,1000,1750,23.0
1011,1000,628,16.0
1013,1000,977,40.0
1015,1000,3922,57.0
1017,1000,1256,43.0
1019,1000,687,14.0
1021,1000,1740,31.0
1023,1000,377,12.0
1025,1000,1229,16.0
1027,1000,667,11.0
1029,1000,483,6.0
1031,1000,1568,7.0
1033,1000,1840,27.0
1035,1000,549,12.0
1037,1000,190,3.0
1039,1000,1585,29.0
1041,1000,574,30.0
1043,1000,2132,21.0
1045,1000,1564,50.0
1047,1000,1837,26.0
1049,1000,2942,24.0
1051,1000,3009,51.0
1053,1000,1687,27.0
1055,1000,3869,46.0
1057,1000,520,10.0
1059,1000,1916,30.0
1061,1000,806,7.0
1063,1000,329,15.0
1065,1000,714,29.0
1067,1000,611,5.0
1069,1000,3537,25.0
1071,1000,1876,13.0
1073,1000,21746,362.0
1075,1000,426,3.0
1077,1000,1950,38.0
1079,1000,748,28.0
1081,1000,6346,64.0
1083,1000,2574,25.0
1085,1000,685,27.0
1087,1000,520,18.0
1089,1000,8678,83.0
1091,1000,910,21.0
1093,1000,1025,29.0
1095,1000,4182,46.0
1097,1000,14056,312.0
1099,1000,615,9.0
1101,1000,9399,194.0
1103,1000,3757,32.0
1105,1000,575,6.0
1107,1000,747,15.0
1109,1000,1284,12.0
1111,1000,761,13.0
1113,1000,1868,3.0
1115,1000,2647,41.0
1117,1000,6804,59.0
1119,1000,459,21.0
1121,1000,2454,33.0
1123,1000,1236,85.0
1125,1000,9651,128.0
1127,1000,2590,91.0
1129,1000,611,12.0
1131,1000,554,11.0
1133,1000,856,13.0
2013,2000,15,0.0
2016,2000,97,0.0
2020,2000,5877,41.0
2050,2000,194,1.0
2060,2000,76,0.0
2068,2000,17,0.0
2070,2000,33,0.0
2090,2000,1683,11.0
2100,2000,12,0.0
2110,2000,418,2.0
2122,2000,713,1.0
2130,2000,73,0.0
2150,2000,85,0.0
2158,2000,24,0.0
2164,2000,5,0.0
2170,2000,779,2.0
2180,2000,111,0.0
2185,2000,184,0.0
2188,2000,198,0.0
2195,2000,11,0.0
2198,2000,31,0.0
2220,2000,70,0.0
2240,2000,47,0.0
2261,2000,141,0.0
2275,2000,19,0.0
2290,2000,96,2.0
4001,4000,3734,166.0
4003,4000,2000,73.0
4005,4000,4563,145.0
4007,4000,1597,61.0
4009,4000,963,26.0
4011,4000,66,2.0
4012,4000,575,16.0
4013,4000,147551,3475.0
4015,4000,4121,228.0
4017,4000,5959,236.0
4019,4000,26632,633.0
4021,4000,11152,213.0
4023,4000,2921,64.0
4025,4000,2738,86.0
4027,4000,13088,348.0
5001,5000,569,11.0
5003,5000,484,12.0
5005,5000,475,5.0
5007,5000,7288,102.0
5009,5000,887,26.0
5011,5000,350,8.0
5013,5000,39,0.0
5015,5000,879,12.0
5017,5000,1018,22.0
5019,5000,429,5.0
5021,5000,384,11.0
5023,5000,395,14.0
5025,5000,196,12.0
5027,5000,619,19.0
5029,5000,314,3.0
5031,5000,3700,32.0
5033,5000,1758,22.0
5035,5000,2077,51.0
5037,5000,515,19.0
5039,5000,177,5.0
5041,5000,348,7.0
5043,5000,380,7.0
5045,5000,2963,27.0
5047,5000,418,2.0
5049,5000,229,8.0
5051,5000,2142,57.0
5053,5000,313,4.0
5055,5000,1122,15.0
5057,5000,469,5.0
5059,5000,2057,30.0
5061,5000,524,12.0
5063,5000,1311,26.0
5065,5000,352,1.0
5067,5000,548,5.0
5069,5000,3802,95.0
5071,5000,917,9.0
5073,5000,139,3.0
5075,5000,613,13.0
5077,5000,1092,18.0
5079,5000,2150,17.0
5081,5000,400,29.0
5083,5000,508,2.0
5085,5000,1449,19.0
5087,5000,399,6.0
5089,5000,120,1.0
5091,5000,1048,13.0
5093,5000,1897,55.0
5095,5000,184,0.0
5097,5000,176,7.0
5099,5000,256,14.0
5101,5000,276,19.0
5103,5000,301,7.0
5105,5000,119,0.0
5107,5000,632,15.0
5109,5000,250,3.0
5111,5000,828,15.0
5113,5000,314,4.0
5115,5000,2419,36.0
5117,5000,181,4.0
5119,5000,10603,186.0
5121,5000,545,23.0
5123,5000,1626,8.0
5125,5000,2465,24.0
5127,5000,129,1.0
5129,5000,167,1.0
5131,5000,4330,81.0
5133,5000,1232,19.0
5135,5000,285,9.0
5137,5000,387,19.0
5139,5000,1024,47.0
5141,5000,190,3.0
5143,5000,10487,127.0
5145,5000,1155,32.0
5147,5000,74,0.0
5149,5000,1294,30.0
6001,6000,22346,442.0
6003,6000,3,0.0
6005,6000,305,16.0
6007,6000,2992,48.0
6009,6000,331,16.0
6011,6000,545,6.0
6013,6000,17783,231.0
6015,6000,170,1.0
6017,6000,1262,4.0
6019,6000,29579,424.0
6021,6000,629,3.0
6023,6000,534,8.0
6025,6000,12334,334.0
6027,6000,207,15.0
6029,6000,33145,406.0
6031,6000,8111,82.0
6033,6000,639,14.0
6035,6000,752,1.0
6037,6000,283750,6790.0
6039,6000,4796,71.0
6041,6000,6934,124.0
6043,6000,77,2.0
6045,6000,1055,21.0
6047,6000,9265,152.0
6049,6000,28,0.0
6051,6000,173,2.0
6053,6000,10827,81.0
6055,6000,1833,14.0
6057,6000,573,8.0
6059,6000,58021,1360.0
6061,6000,3845,51.0
6063,6000,51,0.0
6065,6000,62900,1264.0
6067,6000,24059,462.0
6069,6000,1388,13.0
6071,6000,58936,986.0
6073,6000,51089,840.0
6075,6000,11715,123.0
6077,6000,20828,477.0
6079,6000,3933,32.0
6081,6000,10622,155.0
6083,6000,9503,116.0
6085,6000,22741,364.0
6087,6000,2633,23.0
6089,6000,1606,25.0
6091,6000,6,0.0
6093,6000,182,0.0
6095,6000,6881,74.0
6097,6000,8558,128.0
6099,6000,17087,387.0
6101,6000,1785,12.0
6103,6000,717,8.0
6105,6000,20,0.0
6107,6000,17015,273.0
6109,6000,242,4.0
6111,6000,13645,158.0
6113,6000,2986,56.0
6115,6000,1239,10.0
8001,8000,10989,243.0
8003,8000,265,9.0
8005,8000,10723,390.0
8007,8000,58,0.0
8009,8000,19,0.0
8011,8000,11,0.0
8013,8000,4884,83.0
8014,8000,749,37.0
8015,8000,358,20.0
8017,8000,14,0.0
8019,8000,59,1.0
8021,8000,42,0.0
8023,8000,33,1.0
8025,8000,77,1.0
8027,8000,19,0.0
8029,8000,194,4.0
8031,8000,15103,449.0
8033,8000,3,0.0
8035,8000,3217,63.0
8037,8000,1325,10.0
8039,8000,175,3.0
8041,8000,7929,188.0
8043,8000,273,1.0
8045,8000,1022,5.0
8047,8000,20,0.0
8049,8000,116,1.0
8051,8000,297,7.0
8053,8000,3,0.0
8055,8000,27,2.0
8057,8000,9,0.0
8059,8000,6754,295.0
8061,8000,1,0.0
8063,8000,98,3.0
8065,8000,110,0.0
8067,8000,301,2.0
8069,8000,3217,55.0
8071,8000,28,0.0
8073,8000,24,0.0
8075,8000,1025,9.0
8077,8000,823,7.0
8079,8000,20,0.0
8081,8000,48,1.0
8083,8000,172,5.0
8085,8000,404,13.0
8087,8000,789,48.0
8089,8000,113,6.0
8091,8000,32,1.0
8093,8000,64,1.0
8095,8000,34,0.0
8097,8000,248,2.0
8099,8000,98,0.0
8101,8000,1406,38.0
8103,8000,25,0.0
8105,8000,109,2.0
8107,8000,171,8.0
8109,8000,116,2.0
8111,8000,6,0.0
8113,8000,97,0.0
8115,8000,16,1.0
8117,8000,525,4.0
8119,8000,184,4.0
8121,8000,74,0.0
8123,8000,5197,155.0
8125,8000,157,1.0
9001,9000,21128,1427.0
9003,9000,16010,1443.0
9005,9000,1956,142.0
9007,9000,1720,193.0
9009,9000,15263,1119.0
9011,9000,2918,129.0
9013,9000,1535,67.0
9015,9000,1183,17.0
10001,10000,3259,119.0
10003,10000,11787,329.0
10005,10000,7328,212.0
11001,11000,16132,638.0
12001,12000,9133,70.0
12003,12000,1642,16.0
12005,12000,6366,122.0
12007,12000,1187,11.0
12009,12000,10110,331.0
12011,12000,79876,1484.0
12013,12000,653,14.0
12015,12000,3287,150.0
12017,12000,2983,124.0
12019,12000,5556,111.0
12021,12000,13382,239.0
12023,12000,4034,68.0
12027,12000,1609,27.0
12029,12000,860,11.0
12031,12000,32311,494.0
12033,12000,12737,264.0
12035,12000,1892,33.0
12037,12000,676,4.0
12039,12000,2991,51.0
12041,12000,531,17.0
12043,12000,581,6.0
12045,12000,911,15.0
12047,12000,889,9.0
12049,12000,1479,11.0
12051,12000,2128,43.0
12053,12000,3324,149.0
12055,12000,2398,100.0
12057,12000,44652,720.0
12059,12000,803,10.0
12061,12000,3458,119.0
12063,12000,2986,83.0
12065,12000,603,9.0
12067,12000,1253,15.0
12069,12000,8012,211.0
12071,12000,21488,485.0
12073,12000,11412,93.0
12075,12000,1089,10.0
12077,12000,520,10.0
12079,12000,1047,24.0
12081,12000,12270,310.0
12083,12000,10258,330.0
12085,12000,5102,151.0
12086,12000,176270,3485.0
12087,12000,1979,24.0
12089,12000,2297,50.0
12091,12000,5490,125.0
12093,12000,1650,35.0
12095,12000,42571,522.0
12097,12000,13250,174.0
12099,12000,48335,1465.0
12101,12000,9989,219.0
12103,12000,23510,788.0
12105,12000,21354,563.0
12107,12000,2229,46.0
12109,12000,5814,77.0
12111,12000,8443,310.0
12113,12000,5616,84.0
12115,12000,8786,291.0
12117,12000,9524,231.0
12119,12000,2700,77.0
12121,12000,2861,75.0
12123,12000,1406,14.0
12125,12000,1041,25.0
12127,12000,11649,296.0
12129,12000,1209,11.0
12131,12000,2142,29.0
12133,12000,1124,24.0
13001,13000,1109,34.0
13003,13000,468,4.0
13005,13000,617,14.0
13007,13000,85,6.0
13009,13000,2219,62.0
13011,13000,527,8.0
13013,13000,2418,47.0
13015,13000,3219,91.0
13017,13000,837,29.0
13019,13000,471,12.0
13021,13000,6371,187.0
13023,13000,474,21.0
13025,13000,375,11.0
13027,13000,535,26.0
13029,13000,1229,13.0
13031,13000,2979,32.0
13033,13000,862,11.0
13035,13000,722,43.0
13037,13000,258,9.0
13039,13000,1363,16.0
13043,13000,507,23.0
13045,13000,3045,74.0
13047,13000,1304,19.0
13049,13000,645,9.0
13051,13000,8956,178.0
13053,13000,1707,1.0
13055,13000,851,26.0
13057,13000,6571,97.0
13059,13000,5435,46.0
13061,13000,122,3.0
13063,13000,7616,170.0
13065,13000,411,11.0
13067,13000,20838,442.0
13069,13000,2155,57.0
13071,13000,2011,37.0
13073,13000,4027,62.0
13075,13000,566,15.0
13077,13000,2783,58.0
13079,13000,185,6.0
13081,13000,610,19.0
13083,13000,310,5.0
13085,13000,867,9.0
13087,13000,1241,34.0
13089,13000,19857,383.0
13091,13000,492,13.0
13093,13000,351,14.0
13095,13000,3237,188.0
13097,13000,3877,71.0
13099,13000,520,33.0
13101,13000,244,2.0
13103,13000,1625,28.0
13105,13000,730,8.0
13107,13000,1142,35.0
13109,13000,449,6.0
13111,13000,759,28.0
13113,13000,1987,51.0
13115,13000,3500,49.0
13117,13000,4440,48.0
13119,13000,815,16.0
13121,13000,29329,597.0
13123,13000,935,16.0
13125,13000,40,2.0
13127,13000,3572,98.0
13129,13000,2042,39.0
13131,13000,833,23.0
13133,13000,547,24.0
13135,13000,29157,427.0
13137,13000,1802,73.0
13139,13000,10098,164.0
13141,13000,407,44.0
13143,13000,563,9.0
13145,13000,826,25.0
13147,13000,548,16.0
13149,13000,204,6.0
13151,13000,5723,106.0
13153,13000,3346,86.0
13155,13000,343,6.0
13157,13000,2181,39.0
13159,13000,239,3.0
13161,13000,754,22.0
13163,13000,827,31.0
13165,13000,457,31.0
13167,13000,434,22.0
13169,13000,614,13.0
13171,13000,390,19.0
13173,13000,309,7.0
13175,13000,1863,82.0
13177,13000,730,26.0
13179,13000,1172,24.0
13181,13000,220,7.0
13183,13000,267,4.0
13185,13000,4179,85.0
13187,13000,987,14.0
13189,13000,646,14.0
13191,13000,300,7.0
13193,13000,240,10.0
13195,13000,743,11.0
13197,13000,194,9.0
13199,13000,566,14.0
13201,13000,295,2.0
13205,13000,841,46.0
13207,13000,734,54.0
13209,13000,348,7.0
13211,13000,508,4.0
13213,13000,902,8.0
13215,13000,6230,173.0
13217,13000,2733,91.0
13219,13000,811,27.0
13221,13000,382,11.0
13223,13000,2979,59.0
13225,13000,714,24.0
13227,13000,663,9.0
13229,13000,636,23.0
13231,13000,368,11.0
13233,13000,1577,22.0
13235,13000,320,22.0
13237,13000,753,27.0
13239,13000,38,1.0
13241,13000,402,11.0
13243,13000,338,29.0
13245,13000,7571,173.0
13247,13000,1975,40.0
13249,13000,107,2.0
13251,13000,436,11.0
13253,13000,377,10.0
13255,13000,1442,62.0
13257,13000,1222,42.0
13259,13000,524,16.0
13261,13000,949,66.0
13263,13000,167,7.0
13265,13000,25,0.0
13267,13000,876,11.0
13269,13000,224,12.0
13271,13000,416,22.0
13273,13000,335,32.0
13275,13000,1551,68.0
13277,13000,1884,60.0
13279,13000,1423,54.0
13281,13000,397,10.0
13283,13000,283,11.0
13285,13000,2931,103.0
13287,13000,328,24.0
13289,13000,206,9.0
13291,13000,848,23.0
13293,13000,828,68.0
13295,13000,1702,42.0
13297,13000,1999,63.0
13299,13000,1615,61.0
13301,13000,163,5.0
13303,13000,713,11.0
13305,13000,1187,29.0
13307,13000,44,2.0
13309,13000,356,13.0
13311,13000,967,22.0
13313,13000,4942,63.0
13315,13000,251,25.0
13317,13000,272,6.0
13319,13000,356,18.0
13321,13000,578,32.0
15001,15000,985,15.0
15003,15000,12169,144.0
15007,15000,59,0.0
15009,15000,523,13.0
16001,16000,14559,156.0
16003,16000,30,2.0
16005,16000,1766,8.0
16007,16000,56,1.0
16009,16000,161,3.0
16011,16000,1316,12.0
16013,16000,778,6.0
16015,16000,74,2.0
16017,16000,413,0.0
16019,16000,3563,21.0
16021,16000,70,1.0
16023,16000,66,0.0
16025,16000,38,0.0
16027,16000,8879,104.0
16029,16000,188,2.0
16031,16000,993,8.0
16033,16000,40,0.0
16035,16000,112,0.0
16037,16000,78,1.0
16039,16000,428,4.0
16041,16000,255,1.0
16043,16000,311,3.0
16045,16000,363,4.0
16047,16000,390,1.0
16049,16000,267,0.0
16051,16000,790,3.0
16053,16000,898,7.0
16055,16000,3145,44.0
16057,16000,764,0.0
16059,16000,145,0.0
16061,16000,54,2.0
16063,16000,119,0.0
16065,16000,1724,2.0
16067,16000,920,8.0
16069,16000,561,24.0
16071,16000,37,0.0
16073,16000,359,5.0
16075,16000,1021,9.0
16077,16000,333,1.0
16079,16000,220,18.0
16081,16000,241,1.0
16083,16000,2988,42.0
16085,16000,105,1.0
16087,16000,409,7.0
17001,17000,1458,14.0
17003,17000,102,1.0
17005,17000,405,9.0
17007,17000,1491,24.0
17009,17000,82,0.0
17011,17000,799,15.0
17013,17000,66,0.0
17015,17000,293,6.0
17017,17000,435,11.0
17019,17000,5525,27.0
17021,17000,724,23.0
17023,17000,240,4.0
17025,17000,259,6.0
17027,17000,1452,23.0
17029,17000,1676,38.0
17031,17000,157573,5321.0
17033,17000,589,6.0
17035,17000,241,5.0
17037,17000,2010,42.0
17039,17000,209,3.0
17041,17000,420,8.0
17043,17000,19767,588.0
17045,17000,133,8.0
17047,17000,84,0.0
17049,17000,1014,3.0
17051,17000,574,15.0
17053,17000,159,7.0
17055,17000,711,6.0
17057,17000,321,0.0
17059,17000,94,2.0
17061,17000,250,15.0
17063,17000,808,7.0
17065,17000,97,2.0
17067,17000,259,3.0
17069,17000,47,0.0
17071,17000,93,0.0
17073,17000,764,5.0
17075,17000,431,19.0
17077,17000,1367,24.0
17079,17000,231,10.0
17081,17000,804,40.0
17083,17000,435,21.0
17085,17000,374,3.0
17087,17000,279,0.0
17089,17000,14558,336.0
17091,17000,3036,78.0
17093,17000,2346,27.0
17095,17000,937,8.0
17097,17000,18633,499.0
17099,17000,2041,58.0
17101,17000,293,6.0
17103,17000,525,1.0
17105,17000,489,9.0
17107,17000,518,4.0
17109,17000,577,15.0
17111,17000,5343,124.0
17113,17000,3746,29.0
17115,17000,2190,48.0
17117,17000,664,8.0
17119,17000,6499,150.0
17121,17000,774,8.0
17123,17000,129,3.0
17125,17000,215,1.0
17127,17000,133,2.0
17129,17000,152,1.0
17131,17000,191,6.0
17133,17000,810,27.0
17135,17000,496,13.0
17137,17000,779,25.0
17139,17000,295,4.0
17141,17000,968,6.0
17143,17000,4041,58.0
17145,17000,382,16.0
17147,17000,183,0.0
17149,17000,207,2.0
17151,17000,36,1.0
17153,17000,218,1.0
17155,17000,75,0.0
17157,17000,1075,14.0
17159,17000,296,11.0
17161,17000,3521,93.0
17163,17000,8147,207.0
17165,17000,457,6.0
17167,17000,3154,53.0
17169,17000,74,1.0
17171,17000,84,0.0
17173,17000,533,7.0
17175,17000,72,2.0
17177,17000,712,7.0
17179,17000,2227,44.0
17181,17000,683,25.0
17183,17000,1361,7.0
17185,17000,189,4.0
17187,17000,414,6.0
17189,17000,265,1.0
17191,17000,397,7.0
17193,17000,210,1.0
17195,17000,1055,21.0
17197,17000,15888,408.0
17199,17000,1601,56.0
17201,17000,8207,161.0
17203,17000,505,10.0
18001,18000,406,5.0
18003,18000,7354,223.0
18005,18000,1327,61.0
18007,18000,95,0.0
18009,18000,179,3.0
18011,18000,1150,51.0
18013,18000,123,3.0
18015,18000,300,13.0
18017,18000,2157,17.0
18019,18000,2658,64.0
18021,18000,385,6.0
18023,18000,758,18.0
18025,18000,134,2.0
18027,18000,769,33.0
18029,18000,819,30.0
18031,18000,510,42.0
18033,18000,623,12.0
18035,18000,2542,73.0
18037,18000,1229,21.0
18039,18000,7867,130.0
18041,18000,635,14.0
18043,18000,1637,68.0
18045,18000,230,2.0
18047,18000,345,26.0
18049,18000,297,2.0
18051,18000,765,9.0
18053,18000,1499,41.0
18055,18000,479,39.0
18057,18000,5635,121.0
18059,18000,1091,47.0
18061,18000,692,26.0
18063,18000,3041,145.0
18065,18000,1084,27.0
18067,18000,1515,69.0
18069,18000,350,5.0
18071,18000,968,11.0
18073,18000,474,4.0
18075,18000,258,4.0
18077,18000,315,4.0
18079,18000,348,15.0
18081,18000,2861,136.0
18083,18000,616,10.0
18085,18000,1565,21.0
18087,18000,737,14.0
18089,18000,12251,358.0
18091,18000,1932,50.0
18093,18000,667,33.0
18095,18000,2101,95.0
18097,18000,23785,827.0
18099,18000,1218,26.0
18101,18000,186,0.0
18103,18000,516,4.0
18105,18000,3072,42.0
18107,18000,542,23.0
18109,18000,866,43.0
18111,18000,192,12.0
18113,18000,1039,34.0
18115,18000,94,7.0
18117,18000,352,26.0
18119,18000,185,2.0
18121,18000,195,2.0
18123,18000,270,14.0
18125,18000,292,8.0
18127,18000,2709,49.0
18129,18000,621,3.0
18131,18000,127,1.0
18133,18000,678,15.0
18135,18000,330,8.0
18137,18000,383,8.0
18139,18000,221,4.0
18141,18000,8211,154.0
18143,18000,488,14.0
18145,18000,1241,37.0
18147,18000,347,6.0
18149,18000,356,8.0
18151,18000,541,9.0
18153,18000,391,12.0
18155,18000,78,0.0
18157,18000,3247,14.0
18159,18000,261,26.0
18161,18000,115,0.0
18163,18000,5126,46.0
18165,18000,176,1.0
18167,18000,2292,32.0
18169,18000,335,9.0
18171,18000,61,1.0
18173,18000,1765,60.0
18175,18000,317,2.0
18177,18000,1400,18.0
18179,18000,367,5.0
18181,18000,530,15.0
18183,18000,379,6.0
19001,19000,106,1.0
19003,19000,56,0.0
19005,19000,299,8.0
19007,19000,188,3.0
19009,19000,121,1.0
19011,19000,441,1.0
19013,19000,4979,96.0
19015,19000,628,8.0
19017,19000,576,7.0
19019,19000,361,3.0
19021,19000,2161,12.0
19023,19000,325,2.0
19025,19000,244,3.0
19027,19000,946,7.0
19029,19000,247,2.0
19031,19000,317,5.0
19033,19000,1195,23.0
19035,19000,344,2.0
19037,19000,312,1.0
19039,19000,296,3.0
19041,19000,446,4.0
19043,19000,324,3.0
19045,19000,1297,25.0
19047,19000,1262,11.0
19049,19000,3163,41.0
19051,19000,146,4.0
19053,19000,109,0.0
19055,19000,614,8.0
19057,19000,1049,9.0
19059,19000,650,7.0
19061,19000,4314,50.0
19063,19000,359,13.0
19065,19000,305,2.0
19067,19000,398,11.0
19069,19000,363,18.0
19071,19000,168,0.0
19073,19000,157,0.0
19075,19000,260,4.0
19077,19000,347,14.0
19079,19000,410,3.0
19081,19000,253,4.0
19083,19000,389,4.0
19085,19000,500,6.0
19087,19000,927,5.0
19089,19000,222,8.0
19091,19000,263,3.0
19093,19000,170,2.0
19095,19000,348,2.0
19097,19000,466,3.0
19099,19000,983,35.0
19101,19000,177,1.0
19103,19000,5517,30.0
19105,19000,366,3.0
19107,19000,134,1.0
19109,19000,393,0.0
19111,19000,792,9.0
19113,19000,4775,122.0
19115,19000,473,15.0
19117,19000,174,6.0
19119,19000,484,5.0
19121,19000,318,2.0
19123,19000,548,21.0
19125,19000,882,10.0
19127,19000,1882,36.0
19129,19000,295,1.0
19131,19000,211,0.0
19133,19000,208,1.0
19135,19000,220,11.0
19137,19000,138,5.0
19139,19000,1244,57.0
19141,19000,532,9.0
19143,19000,227,0.0
19145,19000,301,0.0
19147,19000,267,1.0
19149,19000,1433,24.0
19151,19000,195,2.0
19153,19000,17361,277.0
19155,19000,2717,43.0
19157,19000,396,11.0
19159,19000,76,2.0
19161,19000,338,2.0
19163,19000,3706,32.0
19165,19000,320,1.0
19167,19000,2183,10.0
19169,19000,3752,17.0
19171,19000,868,35.0
19173,19000,204,1.0
19175,19000,193,3.0
19177,19000,143,2.0
19179,19000,1444,60.0
19181,19000,1082,6.0
19183,19000,575,11.0
19185,19000,109,3.0
19187,19000,1599,14.0
19189,19000,375,16.0
19191,19000,399,9.0
19193,19000,6480,81.0
19195,19000,120,0.0
19197,19000,670,1.0
20001,20000,104,1.0
20003,20000,113,0.0
20005,20000,437,4.0
20007,20000,31,0.0
20009,20000,639,7.0
20011,20000,264,3.0
20013,20000,182,5.0
20015,20000,1227,4.0
20017,20000,87,1.0
20019,20000,24,0.0
20021,20000,593,8.0
20023,20000,90,3.0
20025,20000,60,1.0
20027,20000,68,2.0
20029,20000,96,1.0
20031,20000,139,9.0
20033,20000,19,0.0
20035,20000,464,9.0
20037,20000,1294,8.0
20039,20000,44,1.0
20041,20000,261,2.0
20043,20000,157,0.0
20045,20000,2660,14.0
20047,20000,60,0.0
20049,20000,13,0.0
20051,20000,1235,14.0
20053,20000,133,0.0
20055,20000,2469,14.0
20057,20000,3203,10.0
20059,20000,472,3.0
20061,20000,492,4.0
20063,20000,75,0.0
20065,20000,50,1.0
20067,20000,371,8.0
20069,20000,157,0.0
20071,20000,23,0.0
20073,20000,67,0.0
20075,20000,52,0.0
20077,20000,126,2.0
20079,20000,465,8.0
20081,20000,154,1.0
20083,20000,30,0.0
20085,20000,279,3.0
20087,20000,238,4.0
20089,20000,20,1.0
20091,20000,13167,171.0
20093,20000,123,3.0
20095,20000,114,3.0
20097,20000,42,0.0
20099,20000,316,5.0
20101,20000,17,1.0
20103,20000,2449,15.0
20105,20000,16,0.0
20107,20000,101,0.0
20109,20000,60,0.0
20111,20000,1154,37.0
20113,20000,303,3.0
20115,20000,134,1.0
20117,20000,61,0.0
20119,20000,156,1.0
20121,20000,480,1.0
20123,20000,55,0.0
20125,20000,582,6.0
20127,20000,50,0.0
20129,20000,31,2.0
20131,20000,217,1.0
20133,20000,201,0.0
20135,20000,112,7.0
20137,20000,188,0.0
20139,20000,135,0.0
20141,20000,20,0.0
20143,20000,97,0.0
20145,20000,409,1.0
20147,20000,150,9.0
20149,20000,335,0.0
20151,20000,94,0.0
20153,20000,104,0.0
20155,20000,1564,8.0
20157,20000,63,1.0
20159,20000,106,1.0
20161,20000,2003,9.0
20163,20000,130,7.0
20165,20000,90,0.0
20167,20000,141,3.0
20169,20000,929,12.0
20171,20000,172,1.0
20173,20000,10298,107.0
20175,20000,1857,7.0
20177,20000,3180,62.0
20179,20000,95,0.0
20181,20000,130,0.0
20183,20000,19,0.0
20185,20000,69,1.0
20187,20000,79,2.0
20189,20000,188,1.0
20191,20000,234,3.0
20193,20000,227,0.0
20195,20000,69,3.0
20197,20000,77,1.0
20199,20000,23,0.0
20201,20000,26,0.0
20203,20000,13,0.0
20205,20000,93,2.0
20207,20000,26,0.0
20209,20000,7810,134.0
21001,21000,423,20.0
21003,21000,448,10.0
21005,21000,207,1.0
21007,21000,60,1.0
21009,21000,879,13.0
21011,21000,98,1.0
21013,21000,577,16.0
21015,21000,1831,25.0
21017,21000,258,1.0
21019,21000,559,15.0
21021,21000,367,0.0
21023,21000,45,0.0
21025,21000,105,0.0
21027,21000,162,2.0
21029,21000,1124,13.0
21031,21000,389,16.0
21033,21000,218,0.0
21035,21000,799,9.0
21037,21000,1018,19.0
21039,21000,90,1.0
21041,21000,206,5.0
21043,21000,277,4.0
21045,21000,287,16.0
21047,21000,1618,26.0
21049,21000,409,10.0
21051,21000,389,6.0
21053,21000,178,3.0
21055,21000,137,1.0
21057,21000,116,0.0
21059,21000,1730,24.0
21061,21000,171,12.0
21063,21000,61,0.0
21065,21000,232,0.0
21067,21000,9518,84.0
21069,21000,104,0.0
21071,21000,245,4.0
21073,21000,768,13.0
21075,21000,205,3.0
21077,21000,110,8.0
21079,21000,214,3.0
21081,21000,209,6.0
21083,21000,831,29.0
21085,21000,438,15.0
21087,21000,306,9.0
21089,21000,523,5.0
21091,21000,110,1.0
21093,21000,1599,15.0
21095,21000,532,13.0
21097,21000,229,1.0
21099,21000,239,1.0
21101,21000,1126,22.0
21103,21000,221,2.0
21105,21000,95,1.0
21107,21000,870,41.0
21109,21000,406,17.0
21111,21000,20044,339.0
21113,21000,784,1.0
21115,21000,206,2.0
21117,21000,2287,49.0
21119,21000,263,1.0
21121,21000,680,9.0
21123,21000,248,1.0
21125,21000,1175,7.0
21127,21000,108,0.0
21129,21000,27,0.0
21131,21000,108,0.0
21133,21000,261,2.0
21135,21000,255,15.0
21137,21000,258,16.0
21139,21000,107,1.0
21141,21000,663,30.0
21143,21000,92,4.0
21145,21000,899,11.0
21147,21000,228,1.0
21149,21000,115,1.0
21151,21000,2091,9.0
21153,21000,117,0.0
21155,21000,302,10.0
21157,21000,393,4.0
21159,21000,107,3.0
21161,21000,143,2.0
21163,21000,322,3.0
21165,21000,74,1.0
21167,21000,299,5.0
21169,21000,154,2.0
21171,21000,237,4.0
21173,21000,349,4.0
21175,21000,99,0.0
21177,21000,891,13.0
21179,21000,618,4.0
21181,21000,80,1.0
21183,21000,551,9.0
21185,21000,1272,26.0
21187,21000,108,2.0
21189,21000,55,1.0
21191,21000,108,0.0
21193,21000,392,9.0
21195,21000,646,3.0
21197,21000,128,0.0
21199,21000,921,12.0
21201,21000,13,1.0
21203,21000,254,1.0
21205,21000,306,1.0
21207,21000,316,7.0
21209,21000,956,16.0
21211,21000,1217,24.0
21213,21000,309,9.0
21215,21000,248,0.0
21217,21000,388,7.0
21219,21000,241,8.0
21221,21000,214,0.0
21223,21000,77,0.0
21225,21000,441,5.0
21227,21000,4754,57.0
21229,21000,177,1.0
21231,21000,210,0.0
21233,21000,263,4.0
21235,21000,649,3.0
21237,21000,57,0.0
21239,21000,330,0.0
22001,22000,3034,99.0
22003,22000,1771,52.0
22005,22000,3876,98.0
22007,22000,778,24.0
22009,22000,1646,62.0
22011,22000,1033,39.0
22013,22000,549,33.0
22015,22000,3692,111.0
22017,22000,9348,380.0
22019,22000,8095,221.0
22021,22000,324,3.0
22023,22000,236,2.0
22025,22000,453,12.0
22027,22000,584,23.0
22029,22000,558,15.0
22031,22000,964,35.0
22033,22000,15504,451.0
22035,22000,557,6.0
22037,22000,1773,75.0
22039,22000,1376,36.0
22041,22000,1255,44.0
22043,22000,512,30.0
22045,22000,3026,92.0
22047,22000,1433,58.0
22049,22000,758,22.0
22051,22000,18116,578.0
22053,22000,1298,42.0
22055,22000,9209,136.0
22057,22000,3793,123.0
22059,22000,458,10.0
22061,22000,1574,48.0
22063,22000,3982,76.0
22065,22000,891,8.0
22067,22000,859,23.0
22069,22000,1306,26.0
22071,22000,13057,588.0
22073,22000,6648,153.0
22075,22000,813,19.0
22077,22000,1080,40.0
22079,22000,4460,152.0
22081,22000,374,24.0
22083,22000,831,15.0
22085,22000,926,14.0
22087,22000,1488,31.0
22089,22000,1886,62.0
22091,22000,421,4.0
22093,22000,825,40.0
22095,22000,1613,105.0
22097,22000,3485,130.0
22099,22000,2149,61.0
22101,22000,1982,83.0
22103,22000,7451,269.0
22105,22000,4822,122.0
22107,22000,184,2.0
22109,22000,3747,121.0
22111,22000,1042,49.0
22113,22000,2079,68.0
22115,22000,1105,54.0
22117,22000,1703,68.0
22119,22000,1392,32.0
22121,22000,934,42.0
22123,22000,357,10.0
22125,22000,746,25.0
22127,22000,657,19.0
23001,23000,823,10.0
23003,23000,53,1.0
23005,23000,2396,70.0
23007,23000,71,1.0
23009,23000,56,1.0
23011,23000,274,11.0
23013,23000,53,1.0
23015,23000,51,1.0
23017,23000,161,2.0
23019,23000,270,6.0
23021,23000,10,0.0
23023,23000,73,0.0
23025,23000,128,8.0
23027,23000,85,14.0
23029,23000,20,0.0
23031,23000,1292,17.0
24001,24000,536,23.0
24003,24000,10998,260.0
24005,24000,19199,647.0
24009,24000,1079,28.0
24011,24000,686,8.0
24013,24000,2102,127.0
24015,24000,1191,36.0
24017,24000,2964,101.0
24019,24000,644,10.0
24021,24000,4407,135.0
24023,24000,87,1.0
24025,24000,3321,77.0
24027,24000,5493,123.0
24029,24000,327,24.0
24031,24000,23966,859.0
24033,24000,31343,840.0
24035,24000,712,26.0
24037,24000,1375,59.0
24039,24000,358,4.0
24041,24000,593,6.0
24043,24000,2039,41.0
24045,24000,2248,49.0
24047,24000,1144,30.0
24510,24000,16601,495.0
25001,25000,1878,178.0
25003,25000,732,51.0
25005,25000,10739,725.0
25007,25000,70,0.0
25009,25000,21380,1313.0
25011,25000,426,71.0
25013,25000,8854,792.0
25015,25000,1364,150.0
25017,25000,29358,2196.0
25019,25000,131,1.0
25021,25000,10942,1084.0
25023,25000,10380,784.0
25025,25000,25824,1148.0
25027,25000,15189,1131.0
26001,26000,50,2.0
26003,26000,68,0.0
26005,26000,961,7.0
26007,26000,148,14.0
26009,26000,85,0.0
26011,26000,84,3.0
26013,26000,62,4.0
26015,26000,476,4.0
26017,26000,1158,55.0
26019,26000,97,2.0
26021,26000,2219,77.0
26023,26000,1546,33.0
26025,26000,1978,51.0
26027,26000,732,22.0
26029,26000,127,4.0
26031,26000,104,2.0
26033,26000,96,0.0
26035,26000,168,6.0
26037,26000,821,14.0
26039,26000,132,5.0
26041,26000,888,15.0
26043,26000,355,4.0
26045,26000,852,10.0
26047,26000,180,4.0
26049,26000,5525,315.0
26051,26000,139,2.0
26053,26000,206,2.0
26055,26000,605,12.0
26057,26000,383,16.0
26059,26000,411,27.0
26061,26000,821,5.0
26063,26000,251,5.0
26065,26000,4128,57.0
26067,26000,685,8.0
26069,26000,252,14.0
26071,26000,310,16.0
26073,26000,869,15.0
26075,26000,3095,79.0
26077,26000,3817,98.0
26079,26000,102,4.0
26081,26000,11823,173.0
26083,26000,16,0.0
26085,26000,40,0.0
26087,26000,1042,45.0
26089,26000,123,1.0
26091,26000,1697,22.0
26093,26000,1698,33.0
26095,26000,279,0.0
26097,26000,118,0.0
26099,26000,16564,1052.0
26101,26000,111,3.0
26103,26000,580,12.0
26105,26000,157,1.0
26107,26000,315,3.0
26109,26000,571,3.0
26111,26000,748,13.0
26113,26000,70,1.0
26115,26000,1714,29.0
26117,26000,436,7.0
26119,26000,18,0.0
26121,26000,2744,77.0
26123,26000,479,2.0
26125,26000,22324,1222.0
26127,26000,553,6.0
26129,26000,80,5.0
26131,26000,59,0.0
26133,26000,112,0.0
26135,26000,50,1.0
26137,26000,214,12.0
26139,26000,4104,70.0
26141,26000,31,1.0
26143,26000,122,4.0
26145,26000,3280,148.0
26147,26000,1205,61.0
26149,26000,981,12.0
26151,26000,161,7.0
26153,26000,49,0.0
26155,26000,593,32.0
26157,26000,556,34.0
26159,26000,882,18.0
26161,26000,4832,126.0
26163,26000,37452,3013.0
26165,26000,145,4.0
27001,27000,123,1.0
27003,27000,7485,144.0
27005,27000,403,2.0
27007,27000,657,6.0
27009,27000,715,4.0
27011,27000,110,0.0
27013,27000,1880,7.0
27015,27000,271,3.0
27017,27000,351,1.0
27019,27000,1609,7.0
27021,27000,261,4.0
27023,27000,322,2.0
27025,27000,717,2.0
27027,27000,1773,42.0
27029,27000,52,0.0
27031,27000,9,0.0
27033,27000,252,0.0
27035,27000,748,20.0
27037,27000,8673,132.0
27039,27000,338,0.0
27041,27000,523,3.0
27043,27000,187,0.0
27045,27000,207,0.0
27047,27000,593,4.0
27049,27000,461,11.0
27051,27000,82,4.0
27053,27000,30698,955.0
27055,27000,164,1.0
27057,27000,214,1.0
27059,27000,437,1.0
27061,27000,585,16.0
27063,27000,176,1.0
27065,27000,163,9.0
27067,27000,1349,4.0
27069,27000,17,0.0
27071,27000,146,4.0
27073,27000,107,2.0
27075,27000,87,0.0
27077,27000,39,1.0
27079,27000,546,5.0
27081,27000,149,0.0
27083,27000,842,5.0
27085,27000,547,3.0
27087,27000,76,1.0
27089,27000,70,1.0
27091,27000,551,16.0
27093,27000,276,3.0
27095,27000,268,3.0
27097,27000,444,3.0
27099,27000,1431,7.0
27101,27000,219,3.0
27103,27000,630,17.0
27105,27000,2064,16.0
27107,27000,85,0.0
27109,27000,2861,28.0
27111,27000,615,6.0
27113,27000,145,1.0
27115,27000,461,0.0
27117,27000,305,15.0
27119,27000,417,4.0
27121,27000,124,0.0
27123,27000,12532,335.0
27125,27000,47,2.0
27127,27000,216,8.0
27129,27000,210,10.0
27131,27000,1498,8.0
27133,27000,250,1.0
27135,27000,158,0.0
27137,27000,2299,55.0
27139,27000,2969,34.0
27141,27000,1381,16.0
27143,27000,225,3.0
27145,27000,4758,31.0
27147,27000,659,2.0
27149,27000,147,1.0
27151,27000,174,1.0
27153,27000,605,2.0
27155,27000,46,0.0
27157,27000,279,0.0
27159,27000,131,0.0
27161,27000,878,9.0
27163,27000,4723,62.0
27165,27000,550,4.0
27167,27000,102,4.0
27169,27000,1081,18.0
27171,27000,2093,10.0
27173,27000,246,4.0
28001,28000,1008,41.0
28003,28000,907,12.0
28005,28000,397,13.0
28007,28000,728,25.0
28009,28000,282,4.0
28011,28000,1962,75.0
28013,28000,578,12.0
28015,28000,346,12.0
28017,28000,794,24.0
28019,28000,198,6.0
28021,28000,524,16.0
28023,28000,691,48.0
28025,28000,651,21.0
28027,28000,1215,35.0
28029,28000,1304,35.0
28031,28000,886,25.0
28033,28000,6302,77.0
28035,28000,2863,76.0
28037,28000,213,3.0
28039,28000,908,16.0
28041,28000,439,17.0
28043,28000,1180,37.0
28045,28000,706,27.0
28047,28000,4521,80.0
28049,28000,7528,168.0
28051,28000,1123,60.0
28053,28000,389,16.0
28055,28000,106,3.0
28057,28000,1040,24.0
28059,28000,4130,75.0
28061,28000,651,16.0
28063,28000,255,10.0
28065,28000,379,11.0
28067,28000,2739,81.0
28069,28000,311,15.0
28071,28000,2376,42.0
28073,28000,2035,38.0
28075,28000,2278,129.0
28077,28000,479,14.0
28079,28000,1076,39.0
28081,28000,3290,78.0
28083,28000,1553,84.0
28085,28000,1278,54.0
28087,28000,1698,61.0
28089,28000,3552,92.0
28091,28000,915,42.0
28093,28000,1228,24.0
28095,28000,1402,72.0
28097,28000,520,23.0
28099,28000,1767,109.0
28101,28000,832,27.0
28103,28000,588,16.0
28105,28000,1913,54.0
28107,28000,1612,36.0
28109,28000,1036,55.0
28111,28000,465,21.0
28113,28000,1334,55.0
28115,28000,1407,19.0
28117,28000,967,19.0
28119,28000,407,6.0
28121,28000,3658,86.0
28123,28000,1206,29.0
28125,28000,273,14.0
28127,28000,1161,48.0
28129,28000,573,16.0
28131,28000,433,14.0
28133,28000,1545,49.0
28135,28000,812,25.0
28137,28000,1099,39.0
28139,28000,812,19.0
28141,28000,766,40.0
28143,28000,515,17.0
28145,28000,1102,24.0
28147,28000,628,27.0
28149,28000,1481,54.0
28151,28000,2456,93.0
28153,28000,960,21.0
28155,28000,360,13.0
28157,28000,319,19.0
28159,28000,798,21.0
28161,28000,472,14.0
28163,28000,1126,33.0
29001,29000,436,0.0
29003,29000,342,3.0
29005,29000,68,0.0
29007,29000,822,5.0
29009,29000,584,8.0
29011,29000,318,2.0
29013,29000,186,3.0
29015,29000,421,5.0
29017,29000,392,2.0
29019,29000,5299,14.0
29021,29000,3292,38.0
29023,29000,834,8.0
29025,29000,130,1.0
29027,29000,858,4.0
29029,29000,1302,21.0
29031,29000,2467,40.0
29033,29000,155,2.0
29035,29000,137,3.0
29037,29000,1838,29.0
29039,29000,180,2.0
29041,29000,54,1.0
29043,29000,1929,8.0
29045,29000,85,0.0
29047,29000,2134,44.0
29049,29000,333,0.0
29051,29000,2095,16.0
29053,29000,515,3.0
29055,29000,481,7.0
29057,29000,107,0.0
29059,29000,242,1.0
29061,29000,172,1.0
29063,29000,189,2.0
29065,29000,197,2.0
29067,29000,248,3.0
29069,29000,948,11.0
29071,29000,2073,33.0
29073,29000,186,24.0
29075,29000,148,10.0
29077,29000,8551,116.0
29079,29000,230,7.0
29081,29000,145,1.0
29083,29000,289,5.0
29085,29000,150,3.0
29087,29000,95,1.0
29089,29000,200,2.0
29091,29000,881,4.0
29093,29000,73,0.0
29095,29000,8319,116.0
29097,29000,2406,33.0
29099,29000,5339,69.0
29101,29000,1272,10.0
29103,29000,55,1.0
29105,29000,920,12.0
29107,29000,673,19.0
29109,29000,823,13.0
29111,29000,150,2.0
29113,29000,948,3.0
29115,29000,144,1.0
29117,29000,518,5.0
29119,29000,1222,13.0
29121,29000,182,0.0
29123,29000,367,1.0
29125,29000,109,0.0
29127,29000,765,14.0
29129,29000,32,0.0
29131,29000,633,3.0
29133,29000,344,4.0
29135,29000,399,5.0
29137,29000,100,1.0
29139,29000,90,1.0
29141,29000,497,5.0
29143,29000,653,17.0
29145,29000,1521,14.0
29147,29000,910,10.0
29149,29000,173,0.0
29151,29000,250,3.0
29153,29000,158,1.0
29155,29000,616,11.0
29157,29000,707,8.0
29159,29000,1395,22.0
29161,29000,589,15.0
29163,29000,275,4.0
29165,29000,802,12.0
29167,29000,973,19.0
29169,29000,819,8.0
29171,29000,41,1.0
29173,29000,168,0.0
29175,29000,414,2.0
29177,29000,208,2.0
29179,29000,45,0.0
29181,29000,161,1.0
29183,29000,9490,141.0
29185,29000,91,0.0
29186,29000,249,1.0
29187,29000,2597,18.0
29189,29000,26881,850.0
29195,29000,852,9.0
29197,29000,31,0.0
29199,29000,45,1.0
29201,29000,1114,17.0
29203,29000,174,2.0
29205,29000,86,1.0
29207,29000,665,15.0
29209,29000,570,6.0
29211,29000,247,0.0
29213,29000,1480,38.0
29215,29000,458,2.0
29217,29000,255,2.0
29219,29000,610,1.0
29221,29000,544,12.0
29223,29000,260,1.0
29225,29000,920,6.0
29227,29000,22,0.0
29229,29000,486,0.0
29510,29000,7649,217.0
30001,30000,213,1.0
30003,30000,1072,30.0
30005,30000,155,2.0
30007,30000,26,0.0
30009,30000,182,0.0
30011,30000,11,0.0
30013,30000,1178,6.0
30015,30000,48,0.0
30017,30000,156,2.0
30019,30000,11,0.0
30021,30000,138,1.0
30023,30000,271,0.0
30025,30000,27,0.0
30027,30000,134,1.0
30029,30000,2209,23.0
30031,30000,2089,4.0
30033,30000,19,0.0
30035,30000,678,1.0
30037,30000,5,0.0
30039,30000,41,0.0
30041,30000,433,8.0
30043,30000,112,0.0
30045,30000,11,0.0
30047,30000,372,1.0
30049,30000,511,3.0
30051,30000,27,0.0
30053,30000,208,3.0
30055,30000,36,0.0
30057,30000,126,1.0
30059,30000,43,2.0
30061,30000,9,0.0
30063,30000,1447,5.0
30065,30000,49,1.0
30067,30000,161,0.0
30069,30000,3,0.0
30071,30000,132,0.0
30073,30000,120,1.0
30075,30000,39,0.0
30077,30000,27,0.0
30079,30000,28,0.0
30081,30000,262,2.0
30083,30000,166,2.0
30085,30000,703,13.0
30087,30000,709,20.0
30089,30000,82,1.0
30091,30000,34,0.0
30093,30000,390,0.0
30095,30000,124,3.0
30097,30000,57,2.0
30099,30000,59,0.0
30101,30000,288,6.0
30103,30000,10,0.0
30105,30000,200,2.0
30107,30000,53,1.0
30109,30000,34,0.0
30111,30000,4559,77.0
31001,31000,662,12.0
31003,31000,128,1.0
31005,31000,3,0.0
31007,31000,2,0.0
31009,31000,3,0.0
31011,31000,117,0.0
31013,31000,127,1.0
31015,31000,44,0.0
31017,31000,62,0.0
31019,31000,1421,6.0
31021,31000,96,1.0
31023,31000,177,1.0
31025,31000,420,3.0
31027,31000,117,0.0
31029,31000,98,0.0
31031,31000,56,4.0
31033,31000,56,0.0
31035,31000,109,0.0
31037,31000,830,5.0
31039,31000,219,1.0
31041,31000,148,4.0
31043,31000,2445,44.0
31045,31000,170,0.0
31047,31000,1158,14.0
31049,31000,4,0.0
31051,31000,136,2.0
31053,31000,1416,15.0
31055,31000,18708,209.0
31057,31000,15,1.0
31059,31000,66,1.0
31061,31000,61,0.0
31063,31000,20,0.0
31065,31000,67,2.0
31067,31000,351,5.0
31069,31000,13,0.0
31071,31000,13,0.0
31073,31000,51,0.0
31075,31000,2,0.0
31077,31000,42,0.0
31079,31000,2272,48.0
31081,31000,197,13.0
31083,31000,37,0.0
31085,31000,5,0.0
31087,31000,23,0.0
31089,31000,175,1.0
31091,31000,18,1.0
31093,31000,117,5.0
31095,31000,43,0.0
31097,31000,84,0.0
31099,31000,206,0.0
31101,31000,74,0.0
31103,31000,8,0.0
31105,31000,27,0.0
31107,31000,228,0.0
31109,31000,7714,32.0
31111,31000,576,4.0
31113,31000,8,0.0
31115,31000,5,0.0
31117,31000,7,0.0
31119,31000,1022,7.0
31121,31000,107,1.0
31123,31000,83,0.0
31125,31000,66,0.0
31127,31000,150,0.0
31129,31000,40,0.0
31131,31000,232,1.0
31133,31000,24,0.0
31135,31000,37,10.0
31137,31000,190,0.0
31139,31000,128,8.0
31141,31000,1279,5.0
31143,31000,141,1.0
31145,31000,118,0.0
31147,31000,75,2.0
31149,31000,51,1.0
31151,31000,803,2.0
31153,31000,4573,32.0
31155,31000,574,4.0
31157,31000,480,8.0
31159,31000,274,3.0
31161,31000,72,0.0
31163,31000,32,2.0
31165,31000,10,0.0
31167,31000,54,0.0
31169,31000,41,0.0
31171,31000,7,0.0
31173,31000,294,4.0
31175,31000,55,0.0
31177,31000,373,6.0
31179,31000,254,0.0
31181,31000,45,0.0
31183,31000,3,0.0
31185,31000,302,2.0
32001,32000,179,4.0
32003,32000,72742,1458.0
32005,32000,361,1.0
32007,32000,1112,11.0
32011,32000,10,0.0
32013,32000,150,4.0
32015,32000,89,1.0
32017,32000,18,0.0
32019,32000,521,10.0
32021,32000,14,0.0
32023,32000,578,16.0
32027,32000,23,0.0
32029,32000,16,0.0
32031,32000,10806,177.0
32033,32000,89,1.0
32510,32000,618,8.0
33001,33000,181,5.0
33003,33000,133,2.0
33005,33000,162,3.0
33007,33000,23,0.0
33009,33000,170,1.0
33011,33000,4939,303.0
33013,33000,698,24.0
33015,33000,2268,104.0
33017,33000,630,13.0
33019,33000,65,1.0
34001,34000,4543,261.0
34003,34000,23633,2050.0
34005,34000,7703,503.0
34007,34000,10643,616.0
34009,34000,1067,98.0
34011,34000,3890,160.0
34013,34000,22248,2134.0
34015,34000,5050,233.0
34017,34000,21506,1520.0
34019,34000,1520,126.0
34021,34000,8901,637.0
34023,34000,20754,1436.0
34025,34000,13112,868.0
34027,34000,8374,832.0
34029,34000,15644,1054.0
34031,34000,19909,1258.0
34033,34000,1130,88.0
34035,34000,6134,587.0
34037,34000,1620,197.0
34039,34000,18542,1362.0
34041,34000,1506,171.0
35001,35000,7926,183.0
35003,35000,9,1.0
35005,35000,1561,15.0
35006,35000,805,21.0
35007,35000,41,1.0
35009,35000,1117,8.0
35011,35000,1,0.0
35013,35000,4171,62.0
35015,35000,1046,16.0
35017,35000,147,2.0
35019,35000,37,1.0
35021,35000,1,0.0
35023,35000,108,2.0
35025,35000,1743,28.0
35027,35000,262,4.0
35028,35000,37,0.0
35029,35000,509,9.0
35031,35000,4429,260.0
35033,35000,9,0.0
35035,35000,1243,13.0
35037,35000,80,2.0
35039,35000,425,14.0
35041,35000,350,5.0
35043,35000,1556,43.0
35045,35000,3483,202.0
35047,35000,123,0.0
35049,35000,1241,8.0
35051,35000,67,1.0
35053,35000,144,6.0
35055,35000,161,4.0
35057,35000,135,1.0
35059,35000,42,2.0
35061,35000,704,4.0
36001,36000,3343,124.0
36003,36000,161,4.0
36007,36000,2607,86.0
36009,36000,367,14.0
36011,36000,259,3.0
36013,36000,748,4.0
36015,36000,1061,7.0
36017,36000,290,6.0
36019,36000,183,5.0
36021,36000,629,47.0
36023,36000,346,1.0
36025,36000,154,5.0
36027,36000,5281,163.0
36029,36000,12216,639.0
36031,36000,189,14.0
36033,36000,72,1.0
36035,36000,354,28.0
36037,36000,363,6.0
36039,36000,446,15.0
36041,36000,16,1.0
36043,36000,363,10.0
36045,36000,186,1.0
36049,36000,55,5.0
36051,36000,227,6.0
36053,36000,517,9.0
36055,36000,6517,260.0
36057,36000,249,9.0
36059,36000,48184,2205.0
36063,36000,1911,89.0
36065,36000,2558,126.0
36067,36000,4880,182.0
36069,36000,532,28.0
36071,36000,12998,416.0
36073,36000,355,55.0
36075,36000,566,3.0
36077,36000,362,4.0
36079,36000,1705,63.0
36083,36000,1002,42.0
36087,36000,16891,509.0
36089,36000,349,4.0
36091,36000,1174,15.0
36093,36000,1464,47.0
36095,36000,95,2.0
36097,36000,79,0.0
36099,36000,122,2.0
36101,36000,747,63.0
36103,36000,47630,2017.0
36105,36000,1659,37.0
36107,36000,371,25.0
36109,36000,507,0.0
36111,36000,2386,84.0
36113,36000,432,30.0
36115,36000,322,14.0
36117,36000,367,3.0
36119,36000,39117,1462.0
36121,36000,156,5.0
36123,36000,77,6.0
37001,37000,4555,59.0
37003,37000,623,8.0
37005,37000,258,1.0
37007,37000,678,8.0
37009,37000,336,1.0
37011,37000,475,0.0
37013,37000,1149,32.0
37015,37000,663,13.0
37017,37000,993,19.0
37019,37000,1915,30.0
37021,37000,3643,103.0
37023,37000,2407,45.0
37025,37000,4451,82.0
37027,37000,2032,19.0
37029,37000,129,3.0
37031,37000,932,5.0
37033,37000,528,5.0
37035,37000,3731,57.0
37037,37000,1825,60.0
37039,37000,711,12.0
37041,37000,472,5.0
37043,37000,157,3.0
37045,37000,2726,74.0
37047,37000,1535,59.0
37049,37000,2015,50.0
37051,37000,6262,88.0
37053,37000,209,4.0
37055,37000,312,3.0
37057,37000,3296,42.0
37059,37000,663,6.0
37061,37000,2617,54.0
37063,37000,8360,98.0
37065,37000,1661,52.0
37067,37000,7813,106.0
37069,37000,1350,31.0
37071,37000,6255,100.0
37073,37000,158,3.0
37075,37000,221,7.0
37077,37000,1855,50.0
37079,37000,782,7.0
37081,37000,10088,191.0
37083,37000,1185,23.0
37085,37000,2599,65.0
37087,37000,663,35.0
37089,37000,2250,66.0
37091,37000,833,34.0
37093,37000,1385,21.0
37095,37000,149,5.0
37097,37000,3418,34.0
37099,37000,777,7.0
37101,37000,5029,59.0
37103,37000,170,14.0
37105,37000,1866,16.0
37107,37000,1171,34.0
37109,37000,2043,16.0
37111,37000,1168,31.0
37113,37000,684,7.0
37115,37000,131,1.0
37117,37000,568,15.0
37119,37000,30818,374.0
37121,37000,177,4.0
37123,37000,1101,38.0
37125,37000,2045,36.0
37127,37000,2918,54.0
37129,37000,4751,35.0
37131,37000,513,17.0
37133,37000,2751,26.0
37135,37000,2874,57.0
37137,37000,294,2.0
37139,37000,797,33.0
37141,37000,1144,8.0
37143,37000,213,3.0
37145,37000,525,9.0
37147,37000,5593,35.0
37149,37000,356,11.0
37151,37000,3291,57.0
37153,37000,1201,23.0
37155,37000,5415,85.0
37157,37000,1605,17.0
37159,37000,3787,109.0
37161,37000,1487,51.0
37163,37000,2472,28.0
37165,37000,1464,18.0
37167,37000,2298,57.0
37169,37000,578,5.0
37171,37000,1530,26.0
37173,37000,196,3.0
37175,37000,366,9.0
37177,37000,118,3.0
37179,37000,5441,61.0
37181,37000,1119,46.0
37183,37000,19631,264.0
37185,37000,381,7.0
37187,37000,229,8.0
37189,37000,1232,2.0
37191,37000,3938,75.0
37193,37000,1488,36.0
37195,37000,2554,61.0
37197,37000,864,9.0
37199,37000,238,0.0
38001,38000,44,0.0
38003,38000,276,1.0
38005,38000,418,8.0
38007,38000,27,0.0
38009,38000,160,13.0
38011,38000,81,2.0
38013,38000,44,1.0
38015,38000,4970,64.0
38017,38000,6917,78.0
38019,38000,58,0.0
38021,38000,175,0.0
38023,38000,32,1.0
38025,38000,175,4.0
38027,38000,136,3.0
38029,38000,257,7.0
38031,38000,111,1.0
38033,38000,91,0.0
38035,38000,2777,14.0
38037,38000,53,1.0
38039,38000,66,1.0
38041,38000,84,1.0
38043,38000,68,1.0
38045,38000,137,3.0
38047,38000,101,0.0
38049,38000,123,9.0
38051,38000,129,4.0
38053,38000,379,3.0
38055,38000,383,5.0
38057,38000,290,2.0
38059,38000,1728,44.0
38061,38000,374,6.0
38063,38000,134,3.0
38065,38000,52,0.0
38067,38000,146,0.0
38069,38000,42,0.0
38071,38000,358,3.0
38073,38000,104,0.0
38075,38000,93,2.0
38077,38000,295,3.0
38079,38000,261,7.0
38081,38000,103,1.0
38083,38000,20,1.0
38085,38000,204,3.0
38087,38000,11,0.0
38089,38000,2089,25.0
38091,38000,31,0.0
38093,38000,632,4.0
38095,38000,55,0.0
38097,38000,173,2.0
38099,38000,293,2.0
38101,38000,1633,22.0
38103,38000,63,0.0
38105,38000,1491,10.0
39001,39000,180,6.0
39003,39000,1819,72.0
39005,39000,351,5.0
39007,39000,692,48.0
39009,39000,1073,2.0
39011,39000,823,16.0
39013,39000,749,27.0
39015,39000,334,3.0
39017,39000,7423,118.0
39019,39000,177,7.0
39021,39000,361,3.0
39023,39000,2197,52.0
39025,39000,2130,36.0
39027,39000,377,13.0
39029,39000,2042,86.0
39031,39000,276,11.0
39033,39000,353,7.0
39035,39000,18711,670.0
39037,39000,1035,50.0
39039,39000,418,13.0
39041,39000,2662,26.0
39043,39000,1075,52.0
39045,39000,2437,56.0
39047,39000,386,7.0
39049,39000,29698,635.0
39051,39000,432,4.0
39053,39000,252,13.0
39055,39000,781,50.0
39057,39000,1951,39.0
39059,39000,228,8.0
39061,39000,15140,337.0
39063,39000,909,18.0
39065,39000,296,13.0
39067,39000,72,3.0
39069,39000,417,17.0
39071,39000,339,4.0
39073,39000,187,9.0
39075,39000,491,10.0
39077,39000,674,9.0
39079,39000,365,7.0
39081,39000,412,4.0
39083,39000,327,15.0
39085,39000,1777,57.0
39087,39000,831,24.0
39089,39000,2248,65.0
39091,39000,365,3.0
39093,39000,2528,89.0
39095,39000,7879,370.0
39097,39000,981,14.0
39099,39000,3425,283.0
39101,39000,3281,48.0
39103,39000,1676,42.0
39105,39000,198,12.0
39107,39000,1363,27.0
39109,39000,1819,56.0
39111,39000,124,18.0
39113,39000,9302,183.0
39115,39000,61,0.0
39117,39000,303,2.0
39119,39000,708,4.0
39121,39000,89,0.0
39123,39000,537,30.0
39125,39000,153,1.0
39127,39000,337,11.0
39129,39000,2884,46.0
39131,39000,265,0.0
39133,39000,1442,67.0
39135,39000,533,17.0
39137,39000,784,27.0
39139,39000,1182,20.0
39141,39000,1181,31.0
39143,39000,667,22.0
39145,39000,713,8.0
39147,39000,546,14.0
39149,39000,808,14.0
39151,39000,3453,178.0
39153,39000,6084,259.0
39155,39000,2114,133.0
39157,39000,1105,20.0
39159,39000,685,3.0
39161,39000,189,3.0
39163,39000,74,3.0
39165,39000,3679,59.0
39167,39000,301,23.0
39169,39000,1105,68.0
39171,39000,280,4.0
39173,39000,2286,81.0
39175,39000,268,13.0
40001,40000,698,11.0
40003,40000,98,0.0
40005,40000,369,1.0
40007,40000,75,0.0
40009,40000,733,8.0
40011,40000,164,1.0
40013,40000,1254,5.0
40015,40000,1018,23.0
40017,40000,3012,19.0
40019,40000,695,9.0
40021,40000,1269,8.0
40023,40000,386,2.0
40025,40000,32,0.0
40027,40000,7269,84.0
40029,40000,77,0.0
40031,40000,1973,15.0
40033,40000,77,3.0
40035,40000,578,1.0
40037,40000,1407,36.0
40039,40000,949,2.0
40041,40000,1063,26.0
40043,40000,76,1.0
40045,40000,14,0.0
40047,40000,2095,23.0
40049,40000,529,6.0
40051,40000,1387,13.0
40053,40000,70,1.0
40055,40000,127,8.0
40057,40000,61,0.0
40059,40000,42,1.0
40061,40000,335,5.0
40063,40000,339,4.0
40065,40000,976,11.0
40067,40000,63,0.0
40069,40000,250,4.0
40071,40000,771,15.0
40073,40000,456,2.0
40075,40000,146,2.0
40077,40000,166,2.0
40079,40000,1470,21.0
40081,40000,655,10.0
40083,40000,683,2.0
40085,40000,243,1.0
40087,40000,1131,8.0
40089,40000,1464,37.0
40091,40000,416,8.0
40093,40000,126,2.0
40095,40000,228,2.0
40097,40000,833,11.0
40099,40000,233,2.0
40101,40000,2110,27.0
40103,40000,166,3.0
40105,40000,203,4.0
40107,40000,226,5.0
40109,40000,21043,208.0
40111,40000,988,8.0
40113,40000,1252,13.0
40115,40000,1079,8.0
40117,40000,288,5.0
40119,40000,2598,8.0
40121,40000,1100,20.0
40123,40000,586,4.0
40125,40000,1842,11.0
40127,40000,231,4.0
40129,40000,81,2.0
40131,40000,2182,53.0
40133,40000,644,6.0
40135,40000,1066,13.0
40137,40000,545,7.0
40139,40000,1689,10.0
40141,40000,126,2.0
40143,40000,19657,182.0
40145,40000,1711,27.0
40147,40000,1153,41.0
40149,40000,135,0.0
40151,40000,132,0.0
40153,40000,1175,5.0
41001,41000,111,2.0
41003,41000,396,6.0
41005,41000,2819,66.0
41007,41000,235,0.0
41009,41000,233,1.0
41011,41000,199,0.0
41013,41000,73,1.0
41015,41000,55,0.0
41017,41000,1003,13.0
41019,41000,296,4.0
41021,41000,11,0.0
41023,41000,10,0.0
41025,41000,13,0.0
41027,41000,268,0.0
41029,41000,1413,6.0
41031,41000,591,8.0
41033,41000,249,2.0
41035,41000,392,3.0
41037,41000,35,0.0
41039,41000,1924,21.0
41041,41000,503,13.0
41043,41000,704,14.0
41045,41000,1799,34.0
41047,41000,5321,102.0
41049,41000,532,6.0
41051,41000,8171,149.0
41053,41000,594,15.0
41055,41000,18,0.0
41057,41000,65,0.0
41059,41000,3223,42.0
41061,41000,453,2.0
41063,41000,37,1.0
41065,41000,328,15.0
41067,41000,5196,68.0
41069,41000,1,0.0
41071,41000,906,15.0
42001,42000,957,27.0
42003,42000,13533,397.0
42005,42000,528,19.0
42007,42000,2084,136.0
42009,42000,309,6.0
42011,42000,7961,409.0
42013,42000,926,23.0
42015,42000,392,6.0
42017,42000,9423,622.0
42019,42000,1319,25.0
42021,42000,783,7.0
42023,42000,8,0.0
42025,42000,521,29.0
42027,42000,3564,14.0
42029,42000,7491,375.0
42031,42000,166,3.0
42033,42000,376,7.0
42035,42000,231,6.0
42037,42000,1012,38.0
42039,42000,359,3.0
42041,42000,2158,77.0
42043,42000,4257,185.0
42045,42000,12306,800.0
42047,42000,91,2.0
42049,42000,1826,48.0
42051,42000,886,9.0
42053,42000,17,1.0
42055,42000,1936,53.0
42057,42000,60,2.0
42059,42000,205,1.0
42061,42000,604,8.0
42063,42000,896,14.0
42065,42000,138,3.0
42067,42000,204,8.0
42069,42000,3065,217.0
42071,42000,8718,466.0
42073,42000,653,24.0
42075,42000,2427,65.0
42077,42000,6023,361.0
42079,42000,4496,190.0
42081,42000,847,29.0
42083,42000,80,2.0
42085,42000,847,25.0
42087,42000,289,3.0
42089,42000,1893,134.0
42091,42000,12945,890.0
42093,42000,251,5.0
42095,42000,4905,309.0
42097,42000,1296,90.0
42099,42000,289,6.0
42101,42000,39691,1857.0
42103,42000,607,23.0
42105,42000,37,1.0
42107,42000,1457,68.0
42109,42000,433,12.0
42111,42000,279,3.0
42113,42000,15,1.0
42115,42000,354,28.0
42117,42000,122,3.0
42119,42000,619,7.0
42121,42000,142,1.0
42123,42000,58,1.0
42125,42000,1563,31.0
42127,42000,268,12.0
42129,42000,3053,64.0
42131,42000,92,8.0
42133,42000,5615,182.0
44001,44000,461,17.0
44003,44000,2145,116.0
44005,44000,582,8.0
44007,44000,20439,909.0
44009,44000,1119,75.0
45001,45000,694,15.0
45003,45000,4644,85.0
45005,45000,425,6.0
45007,45000,5076,189.0
45009,45000,665,35.0
45011,45000,810,18.0
45013,45000,5909,89.0
45015,45000,5723,92.0
45017,45000,494,17.0
45019,45000,16392,269.0
45021,45000,1313,46.0
45023,45000,1131,22.0
45025,45000,1383,39.0
45027,45000,1133,68.0
45029,45000,1167,43.0
45031,45000,2286,63.0
45033,45000,1226,44.0
45035,45000,4485,91.0
45037,45000,862,20.0
45039,45000,824,37.0
45041,45000,5259,199.0
45043,45000,2067,47.0
45045,45000,15846,330.0
45047,45000,2418,73.0
45049,45000,730,29.0
45051,45000,11527,207.0
45053,45000,865,23.0
45055,45000,2244,41.0
45057,45000,2367,56.0
45059,45000,1797,58.0
45061,45000,744,35.0
45063,45000,8206,186.0
45065,45000,253,7.0
45067,45000,1024,32.0
45069,45000,1026,12.0
45071,45000,1506,35.0
45073,45000,2191,29.0
45075,45000,3219,129.0
45077,45000,3695,52.0
45079,45000,16263,258.0
45081,45000,710,22.0
45083,45000,7802,210.0
45085,45000,3350,84.0
45087,45000,670,15.0
45089,45000,1372,46.0
45091,45000,6016,90.0
46003,46000,140,0.0
46005,46000,994,11.0
46007,46000,114,4.0
46009,46000,182,1.0
46011,46000,1051,2.0
46013,46000,1626,4.0
46015,46000,186,1.0
46017,46000,185,3.0
46019,46000,179,3.0
46021,46000,56,0.0
46023,46000,277,0.0
46025,46000,59,0.0
46027,46000,667,8.0
46029,46000,1151,10.0
46031,46000,121,1.0
46033,46000,234,3.0
46035,46000,615,5.0
46037,46000,115,0.0
46039,46000,133,0.0
46041,46000,230,0.0
46043,46000,136,2.0
46045,46000,113,0.0
46047,46000,143,6.0
46049,46000,139,1.0
46051,46000,228,2.0
46053,46000,166,7.0
46055,46000,55,1.0
46057,46000,139,0.0
46059,46000,80,1.0
46061,46000,56,1.0
46063,46000,10,0.0
46065,46000,667,5.0
46067,46000,167,2.0
46069,46000,29,0.0
46071,46000,64,1.0
46073,46000,151,4.0
46075,46000,23,0.0
46077,46000,107,0.0
46079,46000,270,8.0
46081,46000,596,5.0
46083,46000,1976,10.0
46085,46000,204,4.0
46087,46000,163,1.0
46089,46000,49,0.0
46091,46000,54,0.0
46093,46000,737,6.0
46095,46000,44,0.0
46097,46000,73,0.0
46099,46000,8397,88.0
46101,46000,151,1.0
46102,46000,456,4.0
46103,46000,3292,41.0
46105,46000,54,0.0
46107,46000,78,0.0
46109,46000,258,2.0
46111,46000,62,0.0
46115,46000,197,1.0
46117,46000,61,0.0
46119,46000,24,0.0
46121,46000,264,5.0
46123,46000,218,1.0
46125,46000,315,8.0
46127,46000,599,10.0
46129,46000,197,1.0
46135,46000,565,5.0
46137,46000,73,1.0
47001,47000,1463,13.0
47003,47000,1536,19.0
47005,47000,368,9.0
47007,47000,901,4.0
47009,47000,2947,31.0
47011,47000,3279,20.0
47013,47000,747,5.0
47015,47000,361,2.0
47017,47000,1063,24.0
47019,47000,1339,32.0
47021,47000,912,10.0
47023,47000,699,13.0
47025,47000,484,5.0
47027,47000,344,6.0
47029,47000,870,11.0
47031,47000,1630,18.0
47033,47000,699,19.0
47035,47000,1427,24.0
47037,47000,30957,323.0
47039,47000,600,11.0
47041,47000,645,16.0
47043,47000,1472,17.0
47045,47000,1840,24.0
47047,47000,1432,21.0
47049,47000,802,5.0
47051,47000,1154,14.0
47053,47000,1982,33.0
47055,47000,824,31.0
47057,47000,491,4.0
47059,47000,1383,48.0
47061,47000,467,8.0
47063,47000,2254,41.0
47065,47000,10907,103.0
47067,47000,112,3.0
47069,47000,1727,32.0
47071,47000,1240,19.0
47073,47000,1016,23.0
47075,47000,1159,25.0
47077,47000,1327,24.0
47079,47000,697,10.0
47081,47000,710,13.0
47083,47000,370,14.0
47085,47000,367,4.0
47087,47000,399,5.0
47089,47000,1380,17.0
47091,47000,1050,6.0
47093,47000,11761,90.0
47095,47000,952,3.0
47097,47000,1206,16.0
47099,47000,1332,17.0
47101,47000,294,2.0
47103,47000,745,2.0
47105,47000,1483,9.0
47107,47000,1370,31.0
47109,47000,1048,24.0
47111,47000,1214,23.0
47113,47000,3432,76.0
47115,47000,640,9.0
47117,47000,968,6.0
47119,47000,2858,34.0
47121,47000,265,4.0
47123,47000,1239,21.0
47125,47000,3623,50.0
47127,47000,227,1.0
47129,47000,380,6.0
47131,47000,1555,18.0
47133,47000,1032,8.0
47135,47000,175,1.0
47137,47000,218,3.0
47139,47000,448,13.0
47141,47000,3899,51.0
47143,47000,988,16.0
47145,47000,1111,6.0
47147,47000,2401,39.0
47149,47000,10570,104.0
47151,47000,294,3.0
47153,47000,289,3.0
47155,47000,3006,19.0
47157,47000,33625,545.0
47159,47000,896,12.0
47161,47000,294,6.0
47163,47000,2830,40.0
47165,47000,5360,105.0
47167,47000,2113,22.0
47169,47000,1717,7.0
47171,47000,309,1.0
47173,47000,470,2.0
47175,47000,185,1.0
47177,47000,1252,9.0
47179,47000,2801,42.0
47181,47000,1546,7.0
47183,47000,1394,23.0
47185,47000,1014,13.0
47187,47000,6194,47.0
47189,47000,4155,52.0
48001,48000,2892,37.0
48003,48000,518,10.0
48005,48000,2701,86.0
48007,48000,340,18.0
48009,48000,101,1.0
48011,48000,17,1.0
48013,48000,1251,34.0
48015,48000,503,9.0
48017,48000,243,5.0
48019,48000,179,8.0
48021,48000,1906,31.0
48023,48000,36,2.0
48025,48000,1830,36.0
48027,48000,5853,94.0
48029,48000,59914,1361.0
48031,48000,151,5.0
48033,48000,1,0.0
48035,48000,377,8.0
48037,48000,1579,74.0
48039,48000,11801,173.0
48041,48000,8010,65.0
48043,48000,233,5.0
48045,48000,16,1.0
48047,48000,343,23.0
48049,48000,902,33.0
48051,48000,392,6.0
48053,48000,811,12.0
48055,48000,1661,36.0
48057,48000,873,8.0
48059,48000,103,4.0
48061,48000,23559,1052.0
48063,48000,376,12.0
48065,48000,40,0.0
48067,48000,427,19.0
48069,48000,276,5.0
48071,48000,1481,19.0
48073,48000,1591,31.0
48075,48000,85,0.0
48077,48000,87,2.0
48079,48000,75,1.0
48081,48000,59,3.0
48083,48000,82,4.0
48085,48000,16384,166.0
48087,48000,19,0.0
48089,48000,494,4.0
48091,48000,3607,120.0
48093,48000,334,5.0
48095,48000,138,2.0
48097,48000,490,7.0
48099,48000,1912,12.0
48101,48000,33,3.0
48103,48000,73,2.0
48105,48000,166,7.0
48107,48000,94,5.0
48109,48000,75,2.0
48111,48000,301,10.0
48113,48000,92259,1173.0
48115,48000,642,11.0
48117,48000,1183,23.0
48119,48000,31,0.0
48121,48000,14654,160.0
48123,48000,1052,42.0
48125,48000,51,2.0
48127,48000,274,7.0
48129,48000,77,1.0
48131,48000,465,20.0
48133,48000,213,4.0
48135,48000,5409,104.0
48137,48000,67,2.0
48139,48000,4605,72.0
48141,48000,29887,558.0
48143,48000,933,13.0
48145,48000,610,5.0
48147,48000,716,16.0
48149,48000,499,21.0
48151,48000,75,3.0
48153,48000,117,9.0
48155,48000,19,0.0
48157,48000,16966,297.0
48159,48000,166,6.0
48161,48000,430,4.0
48163,48000,1002,9.0
48165,48000,419,10.0
48167,48000,12005,166.0
48169,48000,112,4.0
48171,48000,337,10.0
48173,48000,10,0.0
48175,48000,157,6.0
48177,48000,1088,18.0
48179,48000,370,7.0
48181,48000,2125,55.0
48183,48000,3009,76.0
48185,48000,1121,34.0
48187,48000,3803,79.0
48189,48000,2098,60.0
48191,48000,36,1.0
48193,48000,172,4.0
48195,48000,183,6.0
48197,48000,48,1.0
48199,48000,1376,33.0
48201,48000,151880,2689.0
48203,48000,963,36.0
48205,48000,155,2.0
48207,48000,74,3.0
48209,48000,6084,69.0
48211,48000,99,0.0
48213,48000,1095,25.0
48215,48000,33555,1868.0
48217,48000,734,15.0
48219,48000,433,11.0
48221,48000,1045,32.0
48223,48000,458,20.0
48225,48000,388,11.0
48227,48000,992,18.0
48229,48000,67,3.0
48231,48000,1771,42.0
48233,48000,268,6.0
48235,48000,13,0.0
48237,48000,143,3.0
48239,48000,633,16.0
48241,48000,500,31.0
48243,48000,17,0.0
48245,48000,7855,144.0
48247,48000,155,3.0
48249,48000,1559,40.0
48251,48000,3316,58.0
48253,48000,573,1.0
48255,48000,944,17.0
48257,48000,3303,50.0
48259,48000,376,10.0
48261,48000,7,2.0
48263,48000,9,0.0
48265,48000,651,13.0
48267,48000,20,1.0
48269,48000,1,0.0
48271,48000,62,1.0
48273,48000,1029,48.0
48275,48000,110,8.0
48277,48000,1475,43.0
48279,48000,389,23.0
48281,48000,286,9.0
48283,48000,360,13.0
48285,48000,1084,36.0
48287,48000,234,14.0
48289,48000,286,9.0
48291,48000,2277,52.0
48293,48000,623,15.0
48295,48000,56,1.0
48297,48000,374,9.0
48299,48000,153,2.0
48303,48000,14377,149.0
48305,48000,119,5.0
48307,48000,179,4.0
48309,48000,9125,129.0
48311,48000,24,1.0
48313,48000,737,6.0
48315,48000,160,14.0
48317,48000,81,7.0
48319,48000,79,2.0
48321,48000,1081,51.0
48323,48000,3838,140.0
48325,48000,1248,48.0
48327,48000,37,0.0
48329,48000,4287,86.0
48331,48000,520,7.0
48333,48000,67,0.0
48335,48000,106,2.0
48337,48000,206,4.0
48339,48000,12591,167.0
48341,48000,1227,22.0
48343,48000,198,4.0
48345,48000,11,0.0
48347,48000,1710,65.0
48349,48000,1813,37.0
48351,48000,187,13.0
48353,48000,308,5.0
48355,48000,20835,432.0
48357,48000,203,5.0
48359,48000,23,1.0
48361,48000,2043,45.0
48363,48000,628,17.0
48365,48000,431,27.0
48367,48000,2185,40.0
48369,48000,495,14.0
48371,48000,411,5.0
48373,48000,1205,26.0
48375,48000,6943,81.0
48377,48000,118,7.0
48379,48000,77,5.0
48381,48000,4101,50.0
48383,48000,89,6.0
48385,48000,120,8.0
48387,48000,174,14.0
48389,48000,230,6.0
48391,48000,311,14.0
48393,48000,14,0.0
48395,48000,379,4.0
48397,48000,1754,30.0
48399,48000,293,9.0
48401,48000,970,20.0
48403,48000,85,9.0
48405,48000,246,15.0
48407,48000,229,11.0
48409,48000,1530,79.0
48411,48000,103,0.0
48413,48000,53,2.0
48415,48000,911,9.0
48417,48000,30,0.0
48419,48000,532,27.0
48421,48000,67,1.0
48423,48000,5559,115.0
48425,48000,151,5.0
48427,48000,3848,176.0
48429,48000,144,4.0
48431,48000,8,0.0
48433,48000,17,1.0
48435,48000,85,3.0
48437,48000,124,3.0
48439,48000,56783,765.0
48441,48000,3605,61.0
48443,48000,3,0.0
48445,48000,361,6.0
48447,48000,14,2.0
48449,48000,1514,32.0
48451,48000,4142,73.0
48453,48000,30398,442.0
48455,48000,199,7.0
48457,48000,242,4.0
48459,48000,437,12.0
48461,48000,25,3.0
48463,48000,812,36.0
48465,48000,2295,120.0
48467,48000,793,28.0
48469,48000,4159,97.0
48471,48000,3838,58.0
48473,48000,935,15.0
48475,48000,147,1.0
48477,48000,664,48.0
48479,48000,14488,336.0
48481,48000,1404,55.0
48483,48000,51,0.0
48485,48000,2569,25.0
48487,48000,243,3.0
48489,48000,1219,55.0
48491,48000,9231,146.0
48493,48000,977,28.0
48495,48000,126,4.0
48497,48000,823,14.0
48499,48000,575,31.0
48501,48000,277,5.0
48503,48000,399,6.0
48505,48000,342,6.0
48507,48000,474,17.0
49001,49000,54,0.0
49003,49000,706,5.0
49005,49000,3376,7.0
49007,49000,173,1.0
49009,49000,1,0.0
49011,49000,6708,37.0
49013,49000,120,0.0
49015,49000,69,2.0
49017,49000,77,3.0
49019,49000,91,1.0
49021,49000,837,3.0
49023,49000,203,3.0
49025,49000,90,1.0
49027,49000,221,0.0
49029,49000,143,0.0
49031,49000,24,0.0
49033,49000,20,0.0
49035,49000,38369,283.0
49037,49000,732,29.0
49039,49000,296,2.0
49041,49000,179,1.0
49043,49000,1176,1.0
49045,49000,1111,2.0
49047,49000,148,0.0
49049,49000,23873,67.0
49051,49000,934,9.0
49053,49000,3932,38.0
49055,49000,9,0.0
49057,49000,5080,32.0
50001,50000,113,2.0
50003,50000,129,1.0
50005,50000,35,0.0
50007,50000,885,39.0
50009,50000,6,0.0
50011,50000,131,7.0
50013,50000,16,0.0
50015,50000,59,1.0
50017,50000,27,0.0
50019,50000,22,0.0
50021,50000,134,1.0
50023,50000,90,2.0
50025,50000,130,3.0
50027,50000,104,2.0
51001,51000,1195,19.0
51003,51000,1447,22.0
51005,51000,83,4.0
51007,51000,132,5.0
51009,51000,497,4.0
51011,51000,253,4.0
51013,51000,4250,152.0
51015,51000,585,8.0
51017,51000,20,0.0
51019,51000,993,15.0
51021,51000,64,5.0
51023,51000,340,11.0
51025,51000,398,5.0
51027,51000,215,2.0
51029,51000,715,9.0
51031,51000,587,5.0
51033,51000,386,5.0
51035,51000,534,25.0
51036,51000,90,5.0
51037,51000,187,0.0
51041,51000,6478,98.0
51043,51000,111,1.0
51045,51000,38,0.0
51047,51000,1257,18.0
51049,51000,111,2.0
51051,51000,112,1.0
51053,51000,458,12.0
51057,51000,187,2.0
51059,51000,22275,599.0
51061,51000,1021,25.0
51063,51000,227,16.0
51065,51000,402,9.0
51067,51000,568,4.0
51069,51000,1041,13.0
51071,51000,101,0.0
51073,51000,313,3.0
51075,51000,305,7.0
51077,51000,344,18.0
51079,51000,255,3.0
51081,51000,839,11.0
51083,51000,428,7.0
51085,51000,1475,40.0
51087,51000,5832,222.0
51089,51000,1207,30.0
51091,51000,9,0.0
51093,51000,816,22.0
51095,51000,906,21.0
51097,51000,83,1.0
51099,51000,257,4.0
51101,51000,183,2.0
51103,51000,170,0.0
51105,51000,354,8.0
51107,51000,7301,128.0
51109,51000,351,7.0
51111,51000,132,3.0
51113,51000,117,3.0
51115,51000,122,0.0
51117,51000,838,34.0
51119,51000,135,11.0
51121,51000,2384,5.0
51125,51000,122,2.0
51127,51000,253,3.0
51131,51000,311,31.0
51133,51000,204,6.0
51135,51000,308,20.0
51137,51000,360,5.0
51139,51000,439,30.0
51141,51000,296,26.0
51143,51000,1171,11.0
51145,51000,267,5.0
51147,51000,683,12.0
51149,51000,975,5.0
51153,51000,13311,216.0
51155,51000,254,5.0
51157,51000,65,2.0
51159,51000,371,4.0
51161,51000,1166,8.0
51163,51000,140,3.0
51165,51000,1649,22.0
51167,51000,368,8.0
51169,51000,235,5.0
51171,51000,887,59.0
51173,51000,581,22.0
51175,51000,874,30.0
51177,51000,2282,46.0
51179,51000,2187,19.0
51181,51000,134,3.0
51183,51000,634,12.0
51185,51000,388,2.0
51187,51000,495,13.0
51191,51000,758,21.0
51193,51000,307,4.0
51195,51000,498,9.0
51197,51000,289,6.0
51199,51000,595,9.0
51510,51000,4057,73.0
51520,51000,223,7.0
51530,51000,115,1.0
51540,51000,1472,31.0
51550,51000,4628,76.0
51570,51000,277,26.0
51580,51000,33,0.0
51590,51000,1070,38.0
51595,51000,269,26.0
51600,51000,145,8.0
51610,51000,75,7.0
51620,51000,461,10.0
51630,51000,571,5.0
51640,51000,427,30.0
51650,51000,1983,28.0
51660,51000,2876,35.0
51670,51000,458,7.0
51678,51000,185,1.0
51680,51000,1742,21.0
51683,51000,1998,25.0
51685,51000,628,8.0
51690,51000,442,23.0
51700,51000,2952,49.0
51710,51000,5092,80.0
51720,51000,43,0.0
51730,51000,829,29.0
51735,51000,83,2.0
51740,51000,2699,63.0
51750,51000,786,2.0
51760,51000,4985,62.0
51770,51000,2238,32.0
51775,51000,385,6.0
51790,51000,335,0.0
51800,51000,2211,77.0
51810,51000,7379,99.0
51820,51000,343,3.0
51830,51000,204,8.0
51840,51000,540,4.0
53001,53000,897,10.0
53003,53000,155,6.0
53005,53000,5032,135.0
53007,53000,2222,20.0
53009,53000,245,1.0
53011,53000,4031,73.0
53013,53000,14,1.0
53015,53000,734,7.0
53017,53000,1369,10.0
53019,53000,30,0.0
53021,53000,4691,68.0
53023,53000,13,0.0
53025,53000,3325,23.0
53027,53000,597,11.0
53029,53000,345,15.0
53031,53000,79,0.0
53033,53000,24349,807.0
53035,53000,1368,18.0
53037,53000,624,22.0
53039,53000,202,3.0
53041,53000,635,8.0
53043,53000,63,1.0
53045,53000,474,8.0
53047,53000,1122,13.0
53049,53000,107,3.0
53051,53000,119,0.0
53053,53000,9876,235.0
53055,53000,30,0.0
53057,53000,1170,24.0
53059,53000,65,1.0
53061,53000,8951,229.0
53063,53000,8254,184.0
53065,53000,220,4.0
53067,53000,1480,21.0
53069,53000,8,0.0
53071,53000,976,7.0
53073,53000,1484,59.0
53075,53000,1551,3.0
53077,53000,12577,279.0
54001,54000,154,1.0
54003,54000,1301,17.0
54005,54000,276,3.0
54007,54000,26,0.0
54009,54000,138,1.0
54011,54000,1066,14.0
54013,54000,31,0.0
54015,54000,48,2.0
54017,54000,59,1.0
54019,54000,695,18.0
54021,54000,57,0.0
54023,54000,177,7.0
54025,54000,145,3.0
54027,54000,118,1.0
54029,54000,185,0.0
54031,54000,99,1.0
54033,54000,573,10.0
54035,54000,334,24.0
54037,54000,488,4.0
54039,54000,3170,100.0
54041,54000,58,2.0
54043,54000,199,2.0
54045,54000,697,43.0
54047,54000,99,0.0
54049,54000,333,5.0
54051,54000,221,1.0
54053,54000,154,6.0
54055,54000,488,29.0
54057,54000,192,4.0
54059,54000,467,9.0
54061,54000,2183,5.0
54063,54000,170,8.0
54065,54000,83,0.0
54067,54000,158,3.0
54069,54000,421,7.0
54071,54000,62,1.0
54073,54000,21,3.0
54075,54000,61,0.0
54077,54000,171,4.0
54079,54000,732,10.0
54081,54000,623,8.0
54083,54000,351,1.0
54085,54000,20,0.0
54087,54000,79,2.0
54089,54000,67,1.0
54091,54000,156,8.0
54093,54000,49,0.0
54095,54000,24,0.0
54097,54000,191,0.0
54099,54000,460,11.0
54101,54000,14,0.0
54103,54000,71,0.0
54105,54000,22,0.0
54107,54000,437,6.0
54109,54000,144,5.0
55001,55000,354,4.0
55003,55000,217,3.0
55005,55000,707,6.0
55007,55000,170,1.0
55009,55000,12462,79.0
55011,55000,189,2.0
55013,55000,265,4.0
55015,55000,2101,10.0
55017,55000,916,1.0
55019,55000,628,9.0
55021,55000,1287,4.0
55023,55000,268,0.0
55025,55000,12370,46.0
55027,55000,2810,19.0
55029,55000,593,4.0
55031,55000,654,1.0
55033,55000,826,1.0
55035,55000,2492,9.0
55037,55000,145,4.0
55039,55000,3221,17.0
55041,55000,390,9.0
55043,55000,1535,23.0
55045,55000,762,3.0
55047,55000,601,2.0
55049,55000,347,0.0
55051,55000,173,1.0
55053,55000,230,1.0
55055,55000,2128,9.0
55057,55000,559,3.0
55059,55000,4589,69.0
55061,55000,862,4.0
55063,55000,3755,11.0
55065,55000,438,0.0
55067,55000,571,4.0
55069,55000,478,4.0
55071,55000,2085,7.0
55073,55000,3074,31.0
55075,55000,1405,9.0
55077,55000,469,2.0
55078,55000,183,0.0
55079,55000,35596,554.0
55081,55000,831,3.0
55083,55000,1680,6.0
55085,55000,817,5.0
55087,55000,7257,46.0
55089,55000,1835,21.0
55091,55000,83,0.0
55093,55000,798,7.0
55095,55000,385,2.0
55097,55000,2056,14.0
55099,55000,257,0.0
55101,55000,6468,101.0
55103,55000,345,6.0
55105,55000,3747,37.0
55107,55000,111,1.0
55109,55000,1389,9.0
55111,55000,1389,6.0
55113,55000,293,1.0
55115,55000,1730,8.0
55117,55000,3118,20.0
55119,55000,315,6.0
55121,55000,835,2.0
55123,55000,399,3.0
55125,55000,385,3.0
55127,55000,3173,36.0
55129,55000,170,2.0
55131,55000,3623,40.0
55133,55000,10379,98.0
55135,55000,1881,28.0
55137,55000,660,3.0
55139,55000,6878,46.0
55141,55000,1249,8.0
56001,56000,914,1.0
56003,56000,118,2.0
56005,56000,487,2.0
56007,56000,256,2.0
56009,56000,201,0.0
56011,56000,66,0.0
56013,56000,946,14.0
56015,56000,130,2.0
56017,56000,42,0.0
56019,56000,55,1.0
56021,56000,992,4.0
56023,56000,289,2.0
56025,56000,817,7.0
56027,56000,4,0.0
56029,56000,355,2.0
56031,56000,72,1.0
56033,56000,435,4.0
56035,56000,133,1.0
56037,56000,401,2.0
56039,56000,679,1.0
56041,56000,384,2.0
56043,56000,126,7.0
56045,56000,62,0.0
