county_fips,state_fips,2019_population
1001,1000,"55,869"
1003,1000,"223,234"
1005,1000,"24,686"
1007,1000,"22,394"
1009,1000,"57,826"
1011,1000,"10,101"
1013,1000,"19,448"
1015,1000,"113,605"
1017,1000,"33,254"
1019,1000,"26,196"
1021,1000,"44,428"
1023,1000,"12,589"
1025,1000,"23,622"
1027,1000,"13,235"
1029,1000,"14,910"
1031,1000,"52,342"
1033,1000,"55,241"
1035,1000,"12,067"
1037,1000,"10,663"
1039,1000,"37,049"
1041,1000,"13,772"
1043,1000,"83,768"
1045,1000,"49,172"
1047,1000,"37,196"
1049,1000,"71,513"
1051,1000,"81,209"
1053,1000,"36,633"
1055,1000,"102,268"
1057,1000,"16,302"
1059,1000,"31,362"
1061,1000,"26,271"
1063,1000,"8,111"
1065,1000,"14,651"
1067,1000,"17,205"
1069,1000,"105,882"
1071,1000,"51,626"
1073,1000,"658,573"
1075,1000,"13,805"
1077,1000,"92,729"
1079,1000,"32,924"
1081,1000,"164,542"
1083,1000,"98,915"
1085,1000,"9,726"
1087,1000,"18,068"
1089,1000,"372,909"
1091,1000,"18,863"
1093,1000,"29,709"
1095,1000,"96,774"
1097,1000,"413,210"
1099,1000,"20,733"
1101,1000,"226,486"
1103,1000,"119,679"
1105,1000,"8,923"
1107,1000,"19,930"
1109,1000,"33,114"
1111,1000,"22,722"
1113,1000,"57,961"
1115,1000,"89,512"
1117,1000,"217,702"
1119,1000,"12,427"
1121,1000,"79,978"
1123,1000,"40,367"
1125,1000,"209,355"
1127,1000,"63,521"
1129,1000,"16,326"
1131,1000,"10,373"
1133,1000,"23,629"
2013,2000,"3,337"
2016,2000,"5,634"
2020,2000,"288,000"
2050,2000,"18,386"
2060,2000,836
2068,2000,"2,097"
2070,2000,"4,916"
2090,2000,"96,849"
2100,2000,"2,530"
2105,2000,"2,148"
2110,2000,"31,974"
2122,2000,"58,708"
2130,2000,"13,901"
2150,2000,"12,998"
2158,2000,"8,314"
2164,2000,"1,592"
2170,2000,"108,317"
2180,2000,"10,004"
2185,2000,"9,832"
2188,2000,"7,621"
2195,2000,"3,266"
2198,2000,"6,203"
2220,2000,"8,493"
2230,2000,"1,183"
2240,2000,"6,893"
2261,2000,"9,202"
2275,2000,"2,502"
2282,2000,579
2290,2000,"5,230"
4001,4000,"71,887"
4003,4000,"125,922"
4005,4000,"143,476"
4007,4000,"54,018"
4009,4000,"38,837"
4011,4000,"9,498"
4012,4000,"21,108"
4013,4000,"4,485,414"
4015,4000,"212,181"
4017,4000,"110,924"
4019,4000,"1,047,279"
4021,4000,"462,789"
4023,4000,"46,498"
4025,4000,"235,099"
4027,4000,"213,787"
5001,5000,"17,486"
5003,5000,"19,657"
5005,5000,"41,932"
5007,5000,"279,141"
5009,5000,"37,432"
5011,5000,"10,763"
5013,5000,"5,189"
5015,5000,"28,380"
5017,5000,"10,118"
5019,5000,"22,320"
5021,5000,"14,551"
5023,5000,"24,919"
5025,5000,"7,956"
5027,5000,"23,457"
5029,5000,"20,846"
5031,5000,"110,332"
5033,5000,"63,257"
5035,5000,"47,955"
5037,5000,"16,419"
5039,5000,"7,009"
5041,5000,"11,361"
5043,5000,"18,219"
5045,5000,"126,007"
5047,5000,"17,715"
5049,5000,"12,477"
5051,5000,"99,386"
5053,5000,"18,265"
5055,5000,"45,325"
5057,5000,"21,532"
5059,5000,"33,771"
5061,5000,"13,202"
5063,5000,"37,825"
5065,5000,"13,629"
5067,5000,"16,719"
5069,5000,"66,824"
5071,5000,"26,578"
5073,5000,"6,624"
5075,5000,"16,406"
5077,5000,"8,857"
5079,5000,"13,024"
5081,5000,"12,259"
5083,5000,"21,466"
5085,5000,"73,309"
5087,5000,"16,576"
5089,5000,"16,694"
5091,5000,"43,257"
5093,5000,"40,651"
5095,5000,"6,701"
5097,5000,"8,986"
5099,5000,"8,252"
5101,5000,"7,753"
5103,5000,"23,382"
5105,5000,"10,455"
5107,5000,"17,782"
5109,5000,"10,718"
5111,5000,"23,528"
5113,5000,"19,964"
5115,5000,"64,072"
5117,5000,"8,062"
5119,5000,"391,911"
5121,5000,"17,958"
5123,5000,"24,994"
5125,5000,"122,437"
5127,5000,"10,281"
5129,5000,"7,881"
5131,5000,"127,827"
5133,5000,"17,007"
5135,5000,"17,442"
5137,5000,"12,506"
5139,5000,"38,682"
5141,5000,"16,545"
5143,5000,"239,187"
5145,5000,"78,753"
5147,5000,"6,320"
5149,5000,"21,341"
6001,6000,"1,671,329"
6003,6000,"1,129"
6005,6000,"39,752"
6007,6000,"219,186"
6009,6000,"45,905"
6011,6000,"21,547"
6013,6000,"1,153,526"
6015,6000,"27,812"
6017,6000,"192,843"
6019,6000,"999,101"
6021,6000,"28,393"
6023,6000,"135,558"
6025,6000,"181,215"
6027,6000,"18,039"
6029,6000,"900,202"
6031,6000,"152,940"
6033,6000,"64,386"
6035,6000,"30,573"
6037,6000,"10,039,107"
6039,6000,"157,327"
6041,6000,"258,826"
6043,6000,"17,203"
6045,6000,"86,749"
6047,6000,"277,680"
6049,6000,"8,841"
6051,6000,"14,444"
6053,6000,"434,061"
6055,6000,"137,744"
6057,6000,"99,755"
6059,6000,"3,175,692"
6061,6000,"398,329"
6063,6000,"18,807"
6065,6000,"2,470,546"
6067,6000,"1,552,058"
6069,6000,"62,808"
6071,6000,"2,180,085"
6073,6000,"3,338,330"
6075,6000,"881,549"
6077,6000,"762,148"
6079,6000,"283,111"
6081,6000,"766,573"
6083,6000,"446,499"
6085,6000,"1,927,852"
6087,6000,"273,213"
6089,6000,"180,080"
6091,6000,"3,005"
6093,6000,"43,539"
6095,6000,"447,643"
6097,6000,"494,336"
6099,6000,"550,660"
6101,6000,"96,971"
6103,6000,"65,084"
6105,6000,"12,285"
6107,6000,"466,195"
6109,6000,"54,478"
6111,6000,"846,006"
6113,6000,"220,500"
6115,6000,"78,668"
8001,8000,"517,421"
8003,8000,"16,233"
8005,8000,"656,590"
8007,8000,"14,029"
8009,8000,"3,581"
8011,8000,"5,577"
8013,8000,"326,196"
8014,8000,"70,465"
8015,8000,"20,356"
8017,8000,"1,831"
8019,8000,"9,700"
8021,8000,"8,205"
8023,8000,"3,887"
8025,8000,"6,061"
8027,8000,"5,068"
8029,8000,"31,162"
8031,8000,"727,211"
8033,8000,"2,055"
8035,8000,"351,154"
8037,8000,"55,127"
8039,8000,"26,729"
8041,8000,"720,403"
8043,8000,"47,839"
8045,8000,"60,061"
8047,8000,"6,243"
8049,8000,"15,734"
8051,8000,"17,462"
8053,8000,820
8055,8000,"6,897"
8057,8000,"1,392"
8059,8000,"582,881"
8061,8000,"1,406"
8063,8000,"7,097"
8065,8000,"8,127"
8067,8000,"56,221"
8069,8000,"356,899"
8071,8000,"14,506"
8073,8000,"5,701"
8075,8000,"22,409"
8077,8000,"154,210"
8079,8000,769
8081,8000,"13,283"
8083,8000,"26,183"
8085,8000,"42,758"
8087,8000,"29,068"
8089,8000,"18,278"
8091,8000,"4,952"
8093,8000,"18,845"
8095,8000,"4,265"
8097,8000,"17,767"
8099,8000,"12,172"
8101,8000,"168,424"
8103,8000,"6,324"
8105,8000,"11,267"
8107,8000,"25,638"
8109,8000,"6,824"
8111,8000,728
8113,8000,"8,179"
8115,8000,"2,248"
8117,8000,"31,011"
8119,8000,"25,388"
8121,8000,"4,908"
8123,8000,"324,492"
8125,8000,"10,019"
9001,9000,"943,332"
9003,9000,"891,720"
9005,9000,"180,333"
9007,9000,"162,436"
9009,9000,"854,757"
9011,9000,"265,206"
9013,9000,"150,721"
9015,9000,"116,782"
10001,10000,"180,786"
10003,10000,"558,753"
10005,10000,"234,225"
11001,11000,"705,749"
12001,12000,"269,043"
12003,12000,"29,210"
12005,12000,"174,705"
12007,12000,"28,201"
12009,12000,"601,942"
12011,12000,"1,952,778"
12013,12000,"14,105"
12015,12000,"188,910"
12017,12000,"149,657"
12019,12000,"219,252"
12021,12000,"384,902"
12023,12000,"71,686"
12027,12000,"38,001"
12029,12000,"16,826"
12031,12000,"957,755"
12033,12000,"318,316"
12035,12000,"115,081"
12037,12000,"12,125"
12039,12000,"45,660"
12041,12000,"18,582"
12043,12000,"13,811"
12045,12000,"13,639"
12047,12000,"14,428"
12049,12000,"26,937"
12051,12000,"42,022"
12053,12000,"193,920"
12055,12000,"106,221"
12057,12000,"1,471,968"
12059,12000,"19,617"
12061,12000,"159,923"
12063,12000,"46,414"
12065,12000,"14,246"
12067,12000,"8,422"
12069,12000,"367,118"
12071,12000,"770,577"
12073,12000,"293,582"
12075,12000,"41,503"
12077,12000,"8,354"
12079,12000,"18,493"
12081,12000,"403,253"
12083,12000,"365,579"
12085,12000,"161,000"
12086,12000,"2,716,940"
12087,12000,"74,228"
12089,12000,"88,625"
12091,12000,"210,738"
12093,12000,"42,168"
12095,12000,"1,393,452"
12097,12000,"375,751"
12099,12000,"1,496,770"
12101,12000,"553,947"
12103,12000,"974,996"
12105,12000,"724,777"
12107,12000,"74,521"
12109,12000,"264,672"
12111,12000,"328,297"
12113,12000,"184,313"
12115,12000,"433,742"
12117,12000,"471,826"
12119,12000,"132,420"
12121,12000,"44,417"
12123,12000,"21,569"
12125,12000,"15,237"
12127,12000,"553,284"
12129,12000,"33,739"
12131,12000,"74,071"
12133,12000,"25,473"
13001,13000,"18,386"
13003,13000,"8,165"
13005,13000,"11,164"
13007,13000,"3,038"
13009,13000,"44,890"
13011,13000,"19,234"
13013,13000,"83,240"
13015,13000,"107,738"
13017,13000,"16,700"
13019,13000,"19,397"
13021,13000,"153,159"
13023,13000,"12,873"
13025,13000,"19,109"
13027,13000,"15,457"
13029,13000,"39,627"
13031,13000,"79,608"
13033,13000,"22,383"
13035,13000,"24,936"
13037,13000,"6,189"
13039,13000,"54,666"
13043,13000,"10,803"
13045,13000,"119,992"
13047,13000,"67,580"
13049,13000,"13,392"
13051,13000,"289,430"
13053,13000,"10,907"
13055,13000,"24,789"
13057,13000,"258,773"
13059,13000,"128,331"
13061,13000,"2,834"
13063,13000,"292,256"
13065,13000,"6,618"
13067,13000,"760,141"
13069,13000,"43,273"
13071,13000,"45,600"
13073,13000,"156,714"
13075,13000,"17,270"
13077,13000,"148,509"
13079,13000,"12,404"
13081,13000,"22,372"
13083,13000,"16,116"
13085,13000,"26,108"
13087,13000,"26,404"
13089,13000,"759,297"
13091,13000,"20,605"
13093,13000,"13,390"
13095,13000,"87,956"
13097,13000,"146,343"
13099,13000,"10,190"
13101,13000,"4,006"
13103,13000,"64,296"
13105,13000,"19,194"
13107,13000,"22,646"
13109,13000,"10,654"
13111,13000,"26,188"
13113,13000,"114,421"
13115,13000,"98,498"
13117,13000,"244,252"
13119,13000,"23,349"
13121,13000,"1,063,937"
13123,13000,"31,369"
13125,13000,"2,971"
13127,13000,"85,292"
13129,13000,"57,963"
13131,13000,"24,633"
13133,13000,"18,324"
13135,13000,"936,250"
13137,13000,"45,328"
13139,13000,"204,441"
13141,13000,"8,457"
13143,13000,"29,792"
13145,13000,"35,236"
13147,13000,"26,205"
13149,13000,"11,923"
13151,13000,"234,561"
13153,13000,"157,863"
13155,13000,"9,416"
13157,13000,"72,977"
13159,13000,"14,219"
13161,13000,"15,115"
13163,13000,"15,362"
13165,13000,"8,676"
13167,13000,"9,643"
13169,13000,"28,735"
13171,13000,"19,077"
13173,13000,"10,423"
13175,13000,"47,546"
13177,13000,"29,992"
13179,13000,"61,435"
13181,13000,"7,921"
13183,13000,"19,559"
13185,13000,"117,406"
13187,13000,"33,610"
13189,13000,"21,312"
13191,13000,"14,378"
13193,13000,"12,947"
13195,13000,"29,880"
13197,13000,"8,359"
13199,13000,"21,167"
13201,13000,"5,718"
13205,13000,"21,863"
13207,13000,"27,578"
13209,13000,"9,172"
13211,13000,"19,276"
13213,13000,"40,096"
13215,13000,"195,769"
13217,13000,"111,744"
13219,13000,"40,280"
13221,13000,"15,259"
13223,13000,"168,667"
13225,13000,"27,546"
13227,13000,"32,591"
13229,13000,"19,465"
13231,13000,"18,962"
13233,13000,"42,613"
13235,13000,"11,137"
13237,13000,"22,119"
13239,13000,"2,299"
13241,13000,"17,137"
13243,13000,"6,778"
13245,13000,"202,518"
13247,13000,"90,896"
13249,13000,"5,257"
13251,13000,"13,966"
13253,13000,"8,090"
13255,13000,"66,703"
13257,13000,"25,925"
13259,13000,"6,621"
13261,13000,"29,524"
13263,13000,"6,195"
13265,13000,"1,537"
13267,13000,"25,286"
13269,13000,"8,020"
13271,13000,"15,860"
13273,13000,"8,531"
13275,13000,"44,451"
13277,13000,"40,644"
13279,13000,"26,830"
13281,13000,"12,037"
13283,13000,"6,901"
13285,13000,"69,922"
13287,13000,"7,985"
13289,13000,"8,120"
13291,13000,"24,511"
13293,13000,"26,320"
13295,13000,"69,761"
13297,13000,"94,593"
13299,13000,"35,734"
13301,13000,"5,254"
13303,13000,"20,374"
13305,13000,"29,927"
13307,13000,"2,607"
13309,13000,"7,855"
13311,13000,"30,798"
13313,13000,"104,628"
13315,13000,"8,635"
13317,13000,"9,777"
13319,13000,"8,954"
13321,13000,"20,247"
15001,15000,"201,513"
15003,15000,"974,563"
15005,15000,86
15007,15000,"72,293"
15009,15000,"167,417"
16001,16000,"481,587"
16003,16000,"4,294"
16005,16000,"87,808"
16007,16000,"6,125"
16009,16000,"9,298"
16011,16000,"46,811"
16013,16000,"23,021"
16015,16000,"7,831"
16017,16000,"45,739"
16019,16000,"119,062"
16021,16000,"12,245"
16023,16000,"2,597"
16025,16000,"1,106"
16027,16000,"229,849"
16029,16000,"7,155"
16031,16000,"24,030"
16033,16000,845
16035,16000,"8,756"
16037,16000,"4,315"
16039,16000,"27,511"
16041,16000,"13,876"
16043,16000,"13,099"
16045,16000,"18,112"
16047,16000,"15,179"
16049,16000,"16,667"
16051,16000,"29,871"
16053,16000,"24,412"
16055,16000,"165,697"
16057,16000,"40,108"
16059,16000,"8,027"
16061,16000,"3,838"
16063,16000,"5,366"
16065,16000,"39,907"
16067,16000,"21,039"
16069,16000,"40,408"
16071,16000,"4,531"
16073,16000,"11,823"
16075,16000,"23,951"
16077,16000,"7,681"
16079,16000,"12,882"
16081,16000,"12,142"
16083,16000,"86,878"
16085,16000,"11,392"
16087,16000,"10,194"
17001,17000,"65,435"
17003,17000,"5,761"
17005,17000,"16,426"
17007,17000,"53,544"
17009,17000,"6,578"
17011,17000,"32,628"
17013,17000,"4,739"
17015,17000,"14,305"
17017,17000,"12,147"
17019,17000,"209,689"
17021,17000,"32,304"
17023,17000,"15,441"
17025,17000,"13,184"
17027,17000,"37,562"
17029,17000,"50,621"
17031,17000,"5,150,233"
17033,17000,"18,667"
17035,17000,"10,766"
17037,17000,"104,897"
17039,17000,"15,638"
17041,17000,"19,465"
17043,17000,"922,921"
17045,17000,"17,161"
17047,17000,"6,395"
17049,17000,"34,008"
17051,17000,"21,336"
17053,17000,"12,961"
17055,17000,"38,469"
17057,17000,"34,340"
17059,17000,"4,828"
17061,17000,"12,969"
17063,17000,"51,054"
17065,17000,"8,116"
17067,17000,"17,708"
17069,17000,"3,821"
17071,17000,"6,646"
17073,17000,"48,913"
17075,17000,"27,114"
17077,17000,"56,750"
17079,17000,"9,610"
17081,17000,"37,684"
17083,17000,"21,773"
17085,17000,"21,235"
17087,17000,"12,417"
17089,17000,"532,403"
17091,17000,"109,862"
17093,17000,"128,990"
17095,17000,"49,699"
17097,17000,"696,535"
17099,17000,"108,669"
17101,17000,"15,678"
17103,17000,"34,096"
17105,17000,"35,648"
17107,17000,"28,618"
17109,17000,"29,682"
17111,17000,"307,774"
17113,17000,"171,517"
17115,17000,"104,009"
17117,17000,"44,926"
17119,17000,"262,966"
17121,17000,"37,205"
17123,17000,"11,438"
17125,17000,"13,359"
17127,17000,"13,772"
17129,17000,"12,196"
17131,17000,"15,437"
17133,17000,"34,637"
17135,17000,"28,414"
17137,17000,"33,658"
17139,17000,"14,501"
17141,17000,"50,643"
17143,17000,"179,179"
17145,17000,"20,916"
17147,17000,"16,344"
17149,17000,"15,561"
17151,17000,"4,177"
17153,17000,"5,335"
17155,17000,"5,739"
17157,17000,"31,782"
17159,17000,"15,513"
17161,17000,"141,879"
17163,17000,"259,686"
17165,17000,"23,491"
17167,17000,"194,672"
17169,17000,"6,768"
17171,17000,"4,951"
17173,17000,"21,634"
17175,17000,"5,342"
17177,17000,"44,498"
17179,17000,"131,803"
17181,17000,"16,653"
17183,17000,"75,758"
17185,17000,"11,520"
17187,17000,"16,844"
17189,17000,"13,887"
17191,17000,"16,215"
17193,17000,"13,537"
17195,17000,"55,175"
17197,17000,"690,743"
17199,17000,"66,597"
17201,17000,"282,572"
17203,17000,"38,459"
18001,18000,"35,777"
18003,18000,"379,299"
18005,18000,"83,779"
18007,18000,"8,748"
18009,18000,"11,758"
18011,18000,"67,843"
18013,18000,"15,092"
18015,18000,"20,257"
18017,18000,"37,689"
18019,18000,"118,302"
18021,18000,"26,225"
18023,18000,"32,399"
18025,18000,"10,577"
18027,18000,"33,351"
18029,18000,"49,458"
18031,18000,"26,559"
18033,18000,"43,475"
18035,18000,"114,135"
18037,18000,"42,736"
18039,18000,"206,341"
18041,18000,"23,102"
18043,18000,"78,522"
18045,18000,"16,346"
18047,18000,"22,758"
18049,18000,"19,974"
18051,18000,"33,659"
18053,18000,"65,769"
18055,18000,"31,922"
18057,18000,"338,011"
18059,18000,"78,168"
18061,18000,"40,515"
18063,18000,"170,311"
18065,18000,"47,972"
18067,18000,"82,544"
18069,18000,"36,520"
18071,18000,"44,231"
18073,18000,"33,562"
18075,18000,"20,436"
18077,18000,"32,308"
18079,18000,"27,735"
18081,18000,"158,167"
18083,18000,"36,594"
18085,18000,"79,456"
18087,18000,"39,614"
18089,18000,"485,493"
18091,18000,"109,888"
18093,18000,"45,370"
18095,18000,"129,569"
18097,18000,"964,582"
18099,18000,"46,258"
18101,18000,"10,255"
18103,18000,"35,516"
18105,18000,"148,431"
18107,18000,"38,338"
18109,18000,"70,489"
18111,18000,"13,984"
18113,18000,"47,744"
18115,18000,"5,875"
18117,18000,"19,646"
18119,18000,"20,799"
18121,18000,"16,937"
18123,18000,"19,169"
18125,18000,"12,389"
18127,18000,"170,389"
18129,18000,"25,427"
18131,18000,"12,353"
18133,18000,"37,576"
18135,18000,"24,665"
18137,18000,"28,324"
18139,18000,"16,581"
18141,18000,"271,826"
18143,18000,"23,873"
18145,18000,"44,729"
18147,18000,"20,277"
18149,18000,"22,995"
18151,18000,"34,594"
18153,18000,"20,669"
18155,18000,"10,751"
18157,18000,"195,732"
18159,18000,"15,148"
18161,18000,"7,054"
18163,18000,"181,451"
18165,18000,"15,498"
18167,18000,"107,038"
18169,18000,"30,996"
18171,18000,"8,265"
18173,18000,"62,998"
18175,18000,"28,036"
18177,18000,"65,884"
18179,18000,"28,296"
18181,18000,"24,102"
18183,18000,"33,964"
19001,19000,"7,152"
19003,19000,"3,602"
19005,19000,"13,687"
19007,19000,"12,426"
19009,19000,"5,496"
19011,19000,"25,645"
19013,19000,"131,228"
19015,19000,"26,234"
19017,19000,"25,062"
19019,19000,"21,175"
19021,19000,"19,620"
19023,19000,"14,439"
19025,19000,"9,668"
19027,19000,"20,165"
19029,19000,"12,836"
19031,19000,"18,627"
19033,19000,"42,450"
19035,19000,"11,235"
19037,19000,"11,933"
19039,19000,"9,395"
19041,19000,"16,016"
19043,19000,"17,549"
19045,19000,"46,429"
19047,19000,"16,820"
19049,19000,"93,453"
19051,19000,"9,000"
19053,19000,"7,870"
19055,19000,"17,011"
19057,19000,"38,967"
19059,19000,"17,258"
19061,19000,"97,311"
19063,19000,"9,208"
19065,19000,"19,650"
19067,19000,"15,642"
19069,19000,"10,070"
19071,19000,"6,960"
19073,19000,"8,888"
19075,19000,"12,232"
19077,19000,"10,689"
19079,19000,"14,773"
19081,19000,"10,630"
19083,19000,"16,846"
19085,19000,"14,049"
19087,19000,"19,954"
19089,19000,"9,158"
19091,19000,"9,558"
19093,19000,"6,860"
19095,19000,"16,184"
19097,19000,"19,439"
19099,19000,"37,185"
19101,19000,"18,295"
19103,19000,"151,140"
19105,19000,"20,681"
19107,19000,"10,246"
19109,19000,"14,813"
19111,19000,"33,657"
19113,19000,"226,706"
19115,19000,"11,035"
19117,19000,"8,600"
19119,19000,"11,755"
19121,19000,"16,338"
19123,19000,"22,095"
19125,19000,"33,253"
19127,19000,"39,369"
19129,19000,"15,109"
19131,19000,"10,586"
19133,19000,"8,615"
19135,19000,"7,707"
19137,19000,"9,917"
19139,19000,"42,664"
19141,19000,"13,753"
19143,19000,"5,958"
19145,19000,"15,107"
19147,19000,"8,886"
19149,19000,"25,177"
19151,19000,"6,619"
19153,19000,"490,161"
19155,19000,"93,206"
19157,19000,"18,504"
19159,19000,"4,894"
19161,19000,"9,721"
19163,19000,"172,943"
19165,19000,"11,454"
19167,19000,"34,855"
19169,19000,"97,117"
19171,19000,"16,854"
19173,19000,"6,121"
19175,19000,"12,241"
19177,19000,"7,044"
19179,19000,"34,969"
19181,19000,"51,466"
19183,19000,"21,965"
19185,19000,"6,441"
19187,19000,"35,904"
19189,19000,"10,354"
19191,19000,"19,991"
19193,19000,"103,107"
19195,19000,"7,381"
19197,19000,"12,562"
20001,20000,"12,369"
20003,20000,"7,858"
20005,20000,"16,073"
20007,20000,"4,427"
20009,20000,"25,779"
20011,20000,"14,534"
20013,20000,"9,564"
20015,20000,"66,911"
20017,20000,"2,648"
20019,20000,"3,250"
20021,20000,"19,939"
20023,20000,"2,657"
20025,20000,"1,994"
20027,20000,"8,002"
20029,20000,"8,786"
20031,20000,"8,179"
20033,20000,"1,700"
20035,20000,"34,908"
20037,20000,"38,818"
20039,20000,"2,827"
20041,20000,"18,466"
20043,20000,"7,600"
20045,20000,"122,259"
20047,20000,"2,798"
20049,20000,"2,530"
20051,20000,"28,553"
20053,20000,"6,102"
20055,20000,"36,467"
20057,20000,"33,619"
20059,20000,"25,544"
20061,20000,"31,670"
20063,20000,"2,636"
20065,20000,"2,482"
20067,20000,"7,150"
20069,20000,"5,988"
20071,20000,"1,232"
20073,20000,"5,982"
20075,20000,"2,539"
20077,20000,"5,436"
20079,20000,"34,429"
20081,20000,"3,968"
20083,20000,"1,794"
20085,20000,"13,171"
20087,20000,"19,043"
20089,20000,"2,879"
20091,20000,"602,401"
20093,20000,"3,838"
20095,20000,"7,152"
20097,20000,"2,475"
20099,20000,"19,618"
20101,20000,"1,535"
20103,20000,"81,758"
20105,20000,"2,962"
20107,20000,"9,703"
20109,20000,"2,794"
20111,20000,"33,195"
20113,20000,"28,542"
20115,20000,"11,884"
20117,20000,"9,707"
20119,20000,"4,033"
20121,20000,"34,237"
20123,20000,"5,979"
20125,20000,"31,829"
20127,20000,"5,620"
20129,20000,"2,587"
20131,20000,"10,231"
20133,20000,"16,007"
20135,20000,"2,750"
20137,20000,"5,361"
20139,20000,"15,949"
20141,20000,"3,421"
20143,20000,"5,704"
20145,20000,"6,414"
20147,20000,"5,234"
20149,20000,"24,383"
20151,20000,"9,164"
20153,20000,"2,530"
20155,20000,"61,998"
20157,20000,"4,636"
20159,20000,"9,537"
20161,20000,"74,232"
20163,20000,"4,920"
20165,20000,"3,036"
20167,20000,"6,856"
20169,20000,"54,224"
20171,20000,"4,823"
20173,20000,"516,042"
20175,20000,"21,428"
20177,20000,"176,875"
20179,20000,"2,521"
20181,20000,"5,917"
20183,20000,"3,583"
20185,20000,"4,156"
20187,20000,"2,006"
20189,20000,"5,485"
20191,20000,"22,836"
20193,20000,"7,777"
20195,20000,"2,803"
20197,20000,"6,931"
20199,20000,"1,518"
20201,20000,"5,406"
20203,20000,"2,119"
20205,20000,"8,525"
20207,20000,"3,138"
20209,20000,"165,429"
21001,21000,"19,202"
21003,21000,"21,315"
21005,21000,"22,747"
21007,21000,"7,888"
21009,21000,"44,249"
21011,21000,"12,500"
21013,21000,"26,032"
21015,21000,"133,581"
21017,21000,"19,788"
21019,21000,"46,718"
21021,21000,"30,060"
21023,21000,"8,303"
21025,21000,"12,630"
21027,21000,"20,477"
21029,21000,"81,676"
21031,21000,"12,879"
21033,21000,"12,747"
21035,21000,"39,001"
21037,21000,"93,584"
21039,21000,"4,760"
21041,21000,"10,631"
21043,21000,"26,797"
21045,21000,"16,159"
21047,21000,"70,461"
21049,21000,"36,263"
21051,21000,"19,901"
21053,21000,"10,218"
21055,21000,"8,806"
21057,21000,"6,614"
21059,21000,"101,511"
21061,21000,"12,150"
21063,21000,"7,517"
21065,21000,"14,106"
21067,21000,"323,152"
21069,21000,"14,581"
21071,21000,"35,589"
21073,21000,"50,991"
21075,21000,"5,969"
21077,21000,"8,869"
21079,21000,"17,666"
21081,21000,"25,069"
21083,21000,"37,266"
21085,21000,"26,427"
21087,21000,"10,941"
21089,21000,"35,098"
21091,21000,"8,722"
21093,21000,"110,958"
21095,21000,"26,010"
21097,21000,"18,886"
21099,21000,"19,035"
21101,21000,"45,210"
21103,21000,"16,126"
21105,21000,"4,380"
21107,21000,"44,686"
21109,21000,"13,329"
21111,21000,"766,757"
21113,21000,"54,115"
21115,21000,"22,188"
21117,21000,"166,998"
21119,21000,"14,806"
21121,21000,"31,145"
21123,21000,"14,398"
21125,21000,"60,813"
21127,21000,"15,317"
21129,21000,"7,403"
21131,21000,"9,877"
21133,21000,"21,553"
21135,21000,"13,275"
21137,21000,"24,549"
21139,21000,"9,194"
21141,21000,"27,102"
21143,21000,"8,210"
21145,21000,"65,418"
21147,21000,"17,231"
21149,21000,"9,207"
21151,21000,"92,987"
21153,21000,"12,161"
21155,21000,"19,273"
21157,21000,"31,100"
21159,21000,"11,195"
21161,21000,"17,070"
21163,21000,"28,572"
21165,21000,"6,489"
21167,21000,"21,933"
21169,21000,"10,071"
21171,21000,"10,650"
21173,21000,"28,157"
21175,21000,"13,309"
21177,21000,"30,622"
21179,21000,"46,233"
21181,21000,"7,269"
21183,21000,"23,994"
21185,21000,"66,799"
21187,21000,"10,901"
21189,21000,"4,415"
21191,21000,"14,590"
21193,21000,"25,758"
21195,21000,"57,876"
21197,21000,"12,359"
21199,21000,"64,979"
21201,21000,"2,108"
21203,21000,"16,695"
21205,21000,"24,460"
21207,21000,"17,923"
21209,21000,"57,004"
21211,21000,"49,024"
21213,21000,"18,572"
21215,21000,"19,351"
21217,21000,"25,769"
21219,21000,"12,294"
21221,21000,"14,651"
21223,21000,"8,471"
21225,21000,"14,381"
21227,21000,"132,896"
21229,21000,"12,095"
21231,21000,"20,333"
21233,21000,"12,942"
21235,21000,"36,264"
21237,21000,"7,157"
21239,21000,"26,734"
22001,22000,"62,045"
22003,22000,"25,627"
22005,22000,"126,604"
22007,22000,"21,891"
22009,22000,"40,144"
22011,22000,"37,497"
22013,22000,"13,241"
22015,22000,"127,039"
22017,22000,"240,204"
22019,22000,"203,436"
22021,22000,"9,918"
22023,22000,"6,973"
22025,22000,"9,494"
22027,22000,"15,670"
22029,22000,"19,259"
22031,22000,"27,463"
22033,22000,"440,059"
22035,22000,"6,861"
22037,22000,"19,135"
22039,22000,"33,395"
22041,22000,"20,015"
22043,22000,"22,389"
22045,22000,"69,830"
22047,22000,"32,511"
22049,22000,"15,744"
22051,22000,"432,493"
22053,22000,"31,368"
22055,22000,"244,390"
22057,22000,"97,614"
22059,22000,"14,892"
22061,22000,"46,742"
22063,22000,"140,789"
22065,22000,"10,951"
22067,22000,"24,874"
22069,22000,"38,158"
22071,22000,"390,144"
22073,22000,"153,279"
22075,22000,"23,197"
22077,22000,"21,730"
22079,22000,"129,648"
22081,22000,"8,442"
22083,22000,"20,122"
22085,22000,"23,884"
22087,22000,"47,244"
22089,22000,"53,100"
22091,22000,"10,132"
22093,22000,"21,096"
22095,22000,"42,837"
22097,22000,"82,124"
22099,22000,"53,431"
22101,22000,"49,348"
22103,22000,"260,419"
22105,22000,"134,758"
22107,22000,"4,334"
22109,22000,"110,461"
22111,22000,"22,108"
22113,22000,"59,511"
22115,22000,"47,429"
22117,22000,"46,194"
22119,22000,"38,340"
22121,22000,"26,465"
22123,22000,"10,830"
22125,22000,"15,568"
22127,22000,"13,904"
23001,23000,"108,277"
23003,23000,"67,055"
23005,23000,"295,003"
23007,23000,"30,199"
23009,23000,"54,987"
23011,23000,"122,302"
23013,23000,"39,772"
23015,23000,"34,634"
23017,23000,"57,975"
23019,23000,"152,148"
23021,23000,"16,785"
23023,23000,"35,856"
23025,23000,"50,484"
23027,23000,"39,715"
23029,23000,"31,379"
23031,23000,"207,641"
24001,24000,"70,416"
24003,24000,"579,234"
24005,24000,"827,370"
24009,24000,"92,525"
24011,24000,"33,406"
24013,24000,"168,447"
24015,24000,"102,855"
24017,24000,"163,257"
24019,24000,"31,929"
24021,24000,"259,547"
24023,24000,"29,014"
24025,24000,"255,441"
24027,24000,"325,690"
24029,24000,"19,422"
24031,24000,"1,050,688"
24033,24000,"909,327"
24035,24000,"50,381"
24037,24000,"113,510"
24039,24000,"25,616"
24041,24000,"37,181"
24043,24000,"151,049"
24045,24000,"103,609"
24047,24000,"52,276"
24510,24000,"593,490"
25001,25000,"212,990"
25003,25000,"124,944"
25005,25000,"565,217"
25007,25000,"17,332"
25009,25000,"789,034"
25011,25000,"70,180"
25013,25000,"466,372"
25015,25000,"160,830"
25017,25000,"1,611,699"
25019,25000,"11,399"
25021,25000,"706,775"
25023,25000,"521,202"
25025,25000,"803,907"
25027,25000,"830,622"
26001,26000,"10,405"
26003,26000,"9,108"
26005,26000,"118,081"
26007,26000,"28,405"
26009,26000,"23,324"
26011,26000,"14,883"
26013,26000,"8,209"
26015,26000,"61,550"
26017,26000,"103,126"
26019,26000,"17,766"
26021,26000,"153,401"
26023,26000,"43,517"
26025,26000,"134,159"
26027,26000,"51,787"
26029,26000,"26,143"
26031,26000,"25,276"
26033,26000,"37,349"
26035,26000,"30,950"
26037,26000,"79,595"
26039,26000,"14,029"
26041,26000,"35,784"
26043,26000,"25,239"
26045,26000,"110,268"
26047,26000,"33,415"
26049,26000,"405,813"
26051,26000,"25,449"
26053,26000,"13,975"
26055,26000,"93,088"
26057,26000,"40,711"
26059,26000,"45,605"
26061,26000,"35,684"
26063,26000,"30,981"
26065,26000,"292,406"
26067,26000,"64,697"
26069,26000,"25,127"
26071,26000,"11,066"
26073,26000,"69,872"
26075,26000,"158,510"
26077,26000,"265,066"
26079,26000,"18,038"
26081,26000,"656,955"
26083,26000,"2,116"
26085,26000,"11,853"
26087,26000,"87,607"
26089,26000,"21,761"
26091,26000,"98,451"
26093,26000,"191,995"
26095,26000,"6,229"
26097,26000,"10,799"
26099,26000,"873,972"
26101,26000,"24,558"
26103,26000,"66,699"
26105,26000,"29,144"
26107,26000,"43,453"
26109,26000,"22,780"
26111,26000,"83,156"
26113,26000,"15,118"
26115,26000,"150,500"
26117,26000,"63,888"
26119,26000,"9,328"
26121,26000,"173,566"
26123,26000,"48,980"
26125,26000,"1,257,584"
26127,26000,"26,467"
26129,26000,"20,997"
26131,26000,"5,720"
26133,26000,"23,460"
26135,26000,"8,241"
26137,26000,"24,668"
26139,26000,"291,830"
26141,26000,"12,592"
26143,26000,"24,019"
26145,26000,"190,539"
26147,26000,"159,128"
26149,26000,"60,964"
26151,26000,"41,170"
26153,26000,"8,094"
26155,26000,"68,122"
26157,26000,"52,245"
26159,26000,"75,677"
26161,26000,"367,601"
26163,26000,"1,749,343"
26165,26000,"33,631"
27001,27000,"15,886"
27003,27000,"356,921"
27005,27000,"34,423"
27007,27000,"47,188"
27009,27000,"40,889"
27011,27000,"4,991"
27013,27000,"67,653"
27015,27000,"25,008"
27017,27000,"35,871"
27019,27000,"105,089"
27021,27000,"29,779"
27023,27000,"11,800"
27025,27000,"56,579"
27027,27000,"64,222"
27029,27000,"8,818"
27031,27000,"5,463"
27033,27000,"11,196"
27035,27000,"65,055"
27037,27000,"429,021"
27039,27000,"20,934"
27041,27000,"38,141"
27043,27000,"13,653"
27045,27000,"21,067"
27047,27000,"30,281"
27049,27000,"46,340"
27051,27000,"5,972"
27053,27000,"1,265,843"
27055,27000,"18,600"
27057,27000,"21,491"
27059,27000,"40,596"
27061,27000,"45,130"
27063,27000,"9,846"
27065,27000,"16,337"
27067,27000,"43,199"
27069,27000,"4,298"
27071,27000,"12,229"
27073,27000,"6,623"
27075,27000,"10,641"
27077,27000,"3,740"
27079,27000,"28,887"
27081,27000,"5,639"
27083,27000,"25,474"
27085,27000,"35,893"
27087,27000,"5,527"
27089,27000,"9,336"
27091,27000,"19,683"
27093,27000,"23,222"
27095,27000,"26,277"
27097,27000,"33,386"
27099,27000,"40,062"
27101,27000,"8,194"
27103,27000,"34,274"
27105,27000,"21,629"
27107,27000,"6,375"
27109,27000,"158,293"
27111,27000,"58,746"
27113,27000,"14,119"
27115,27000,"29,579"
27117,27000,"9,126"
27119,27000,"31,364"
27121,27000,"11,249"
27123,27000,"550,321"
27125,27000,"4,055"
27127,27000,"15,170"
27129,27000,"14,548"
27131,27000,"66,972"
27133,27000,"9,315"
27135,27000,"15,165"
27137,27000,"199,070"
27139,27000,"149,013"
27141,27000,"97,238"
27143,27000,"14,865"
27145,27000,"161,075"
27147,27000,"36,649"
27149,27000,"9,805"
27151,27000,"9,266"
27153,27000,"24,664"
27155,27000,"3,259"
27157,27000,"21,627"
27159,27000,"13,682"
27161,27000,"18,612"
27163,27000,"262,440"
27165,27000,"10,897"
27167,27000,"6,207"
27169,27000,"50,484"
27171,27000,"138,377"
27173,27000,"9,709"
28001,28000,"30,693"
28003,28000,"36,953"
28005,28000,"12,297"
28007,28000,"18,174"
28009,28000,"8,259"
28011,28000,"30,628"
28013,28000,"14,361"
28015,28000,"9,947"
28017,28000,"17,103"
28019,28000,"8,210"
28021,28000,"8,988"
28023,28000,"15,541"
28025,28000,"19,316"
28027,28000,"22,124"
28029,28000,"28,065"
28031,28000,"18,636"
28033,28000,"184,945"
28035,28000,"74,897"
28037,28000,"7,713"
28039,28000,"24,500"
28041,28000,"13,586"
28043,28000,"20,758"
28045,28000,"47,632"
28047,28000,"208,080"
28049,28000,"231,840"
28051,28000,"17,010"
28053,28000,"8,064"
28055,28000,"1,327"
28057,28000,"23,390"
28059,28000,"143,617"
28061,28000,"16,383"
28063,28000,"6,990"
28065,28000,"11,128"
28067,28000,"68,098"
28069,28000,"9,742"
28071,28000,"54,019"
28073,28000,"63,343"
28075,28000,"74,125"
28077,28000,"12,586"
28079,28000,"22,786"
28081,28000,"85,436"
28083,28000,"28,183"
28085,28000,"34,153"
28087,28000,"58,595"
28089,28000,"106,272"
28091,28000,"24,573"
28093,28000,"35,294"
28095,28000,"35,252"
28097,28000,"9,775"
28099,28000,"29,118"
28101,28000,"21,018"
28103,28000,"10,417"
28105,28000,"49,587"
28107,28000,"34,192"
28109,28000,"55,535"
28111,28000,"11,973"
28113,28000,"39,288"
28115,28000,"32,174"
28117,28000,"25,126"
28119,28000,"6,792"
28121,28000,"155,271"
28123,28000,"28,124"
28125,28000,"4,321"
28127,28000,"26,658"
28129,28000,"15,916"
28131,28000,"18,336"
28133,28000,"25,110"
28135,28000,"13,809"
28137,28000,"28,321"
28139,28000,"22,015"
28141,28000,"19,383"
28143,28000,"9,632"
28145,28000,"28,815"
28147,28000,"14,286"
28149,28000,"45,381"
28151,28000,"43,909"
28153,28000,"20,183"
28155,28000,"9,689"
28157,28000,"8,630"
28159,28000,"17,955"
28161,28000,"12,108"
28163,28000,"29,690"
29001,29000,"25,343"
29003,29000,"17,712"
29005,29000,"5,143"
29007,29000,"25,388"
29009,29000,"35,789"
29011,29000,"11,754"
29013,29000,"16,172"
29015,29000,"19,443"
29017,29000,"12,133"
29019,29000,"180,463"
29021,29000,"87,364"
29023,29000,"42,478"
29025,29000,"9,020"
29027,29000,"44,743"
29029,29000,"46,305"
29031,29000,"78,871"
29033,29000,"8,679"
29035,29000,"5,982"
29037,29000,"105,780"
29039,29000,"14,349"
29041,29000,"7,426"
29043,29000,"88,595"
29045,29000,"6,797"
29047,29000,"249,948"
29049,29000,"20,387"
29051,29000,"76,745"
29053,29000,"17,709"
29055,29000,"23,920"
29057,29000,"7,561"
29059,29000,"16,878"
29061,29000,"8,278"
29063,29000,"12,547"
29065,29000,"15,573"
29067,29000,"13,185"
29069,29000,"29,131"
29071,29000,"103,967"
29073,29000,"14,706"
29075,29000,"6,571"
29077,29000,"293,086"
29079,29000,"9,850"
29081,29000,"8,352"
29083,29000,"21,824"
29085,29000,"9,544"
29087,29000,"4,403"
29089,29000,"10,001"
29091,29000,"40,117"
29093,29000,"10,125"
29095,29000,"703,011"
29097,29000,"121,328"
29099,29000,"225,081"
29101,29000,"54,062"
29103,29000,"3,959"
29105,29000,"35,723"
29107,29000,"32,708"
29109,29000,"38,355"
29111,29000,"9,776"
29113,29000,"59,013"
29115,29000,"11,920"
29117,29000,"15,227"
29119,29000,"22,837"
29121,29000,"15,117"
29123,29000,"12,088"
29125,29000,"8,697"
29127,29000,"28,530"
29129,29000,"3,617"
29131,29000,"25,619"
29133,29000,"13,180"
29135,29000,"16,132"
29137,29000,"8,644"
29139,29000,"11,551"
29141,29000,"20,627"
29143,29000,"17,076"
29145,29000,"58,236"
29147,29000,"22,092"
29149,29000,"10,529"
29151,29000,"13,615"
29153,29000,"9,174"
29155,29000,"15,805"
29157,29000,"19,136"
29159,29000,"42,339"
29161,29000,"44,573"
29163,29000,"18,302"
29165,29000,"104,418"
29167,29000,"32,149"
29169,29000,"52,607"
29171,29000,"4,696"
29173,29000,"10,309"
29175,29000,"24,748"
29177,29000,"23,018"
29179,29000,"6,270"
29181,29000,"13,288"
29183,29000,"402,022"
29185,29000,"9,397"
29186,29000,"17,894"
29187,29000,"67,215"
29189,29000,"994,205"
29195,29000,"22,761"
29197,29000,"4,660"
29199,29000,"4,902"
29201,29000,"38,280"
29203,29000,"8,166"
29205,29000,"5,930"
29207,29000,"29,025"
29209,29000,"31,952"
29211,29000,"6,089"
29213,29000,"55,928"
29215,29000,"25,398"
29217,29000,"20,563"
29219,29000,"35,649"
29221,29000,"24,730"
29223,29000,"12,873"
29225,29000,"39,592"
29227,29000,"2,013"
29229,29000,"18,289"
29510,29000,"300,576"
30001,30000,"9,453"
30003,30000,"13,319"
30005,30000,"6,681"
30007,30000,"6,237"
30009,30000,"10,725"
30011,30000,"1,252"
30013,30000,"81,366"
30015,30000,"5,635"
30017,30000,"11,402"
30019,30000,"1,690"
30021,30000,"8,613"
30023,30000,"9,140"
30025,30000,"2,846"
30027,30000,"11,050"
30029,30000,"103,806"
30031,30000,"114,434"
30033,30000,"1,258"
30035,30000,"13,753"
30037,30000,821
30039,30000,"3,379"
30041,30000,"16,484"
30043,30000,"12,221"
30045,30000,"2,007"
30047,30000,"30,458"
30049,30000,"69,432"
30051,30000,"2,337"
30053,30000,"19,980"
30055,30000,"1,664"
30057,30000,"8,600"
30059,30000,"1,862"
30061,30000,"4,397"
30063,30000,"119,600"
30065,30000,"4,633"
30067,30000,"16,606"
30069,30000,487
30071,30000,"3,954"
30073,30000,"5,911"
30075,30000,"1,682"
30077,30000,"6,890"
30079,30000,"1,077"
30081,30000,"43,806"
30083,30000,"10,803"
30085,30000,"11,004"
30087,30000,"8,937"
30089,30000,"12,113"
30091,30000,"3,309"
30093,30000,"34,915"
30095,30000,"9,642"
30097,30000,"3,737"
30099,30000,"6,147"
30101,30000,"4,736"
30103,30000,696
30105,30000,"7,396"
30107,30000,"2,126"
30109,30000,969
30111,30000,"161,300"
31001,31000,"31,363"
31003,31000,"6,298"
31005,31000,463
31007,31000,745
31009,31000,465
31011,31000,"5,192"
31013,31000,"10,783"
31015,31000,"1,919"
31017,31000,"2,955"
31019,31000,"49,659"
31021,31000,"6,459"
31023,31000,"8,016"
31025,31000,"26,248"
31027,31000,"8,402"
31029,31000,"3,924"
31031,31000,"5,689"
31033,31000,"8,910"
31035,31000,"6,203"
31037,31000,"10,709"
31039,31000,"8,846"
31041,31000,"10,777"
31043,31000,"20,026"
31045,31000,"8,589"
31047,31000,"23,595"
31049,31000,"1,794"
31051,31000,"5,636"
31053,31000,"36,565"
31055,31000,"571,327"
31057,31000,"1,693"
31059,31000,"5,462"
31061,31000,"2,979"
31063,31000,"2,627"
31065,31000,"4,676"
31067,31000,"21,513"
31069,31000,"1,837"
31071,31000,"1,969"
31073,31000,"1,990"
31075,31000,623
31077,31000,"2,356"
31079,31000,"61,353"
31081,31000,"9,324"
31083,31000,"3,380"
31085,31000,922
31087,31000,"2,762"
31089,31000,"10,067"
31091,31000,682
31093,31000,"6,445"
31095,31000,"7,046"
31097,31000,"5,071"
31099,31000,"6,495"
31101,31000,"8,034"
31103,31000,806
31105,31000,"3,632"
31107,31000,"8,332"
31109,31000,"319,090"
31111,31000,"34,914"
31113,31000,748
31115,31000,664
31117,31000,494
31119,31000,"35,099"
31121,31000,"7,755"
31123,31000,"4,642"
31125,31000,"3,519"
31127,31000,"6,972"
31129,31000,"4,148"
31131,31000,"16,012"
31133,31000,"2,613"
31135,31000,"2,891"
31137,31000,"9,034"
31139,31000,"7,148"
31141,31000,"33,470"
31143,31000,"5,213"
31145,31000,"10,724"
31147,31000,"7,865"
31149,31000,"1,357"
31151,31000,"14,224"
31153,31000,"187,196"
31155,31000,"21,578"
31157,31000,"35,618"
31159,31000,"17,284"
31161,31000,"5,246"
31163,31000,"3,001"
31165,31000,"1,166"
31167,31000,"5,920"
31169,31000,"5,003"
31171,31000,722
31173,31000,"7,224"
31175,31000,"4,158"
31177,31000,"20,729"
31179,31000,"9,385"
31181,31000,"3,487"
31183,31000,783
31185,31000,"13,679"
32001,32000,"24,909"
32003,32000,"2,266,715"
32005,32000,"48,905"
32007,32000,"52,778"
32009,32000,873
32011,32000,"2,029"
32013,32000,"16,831"
32015,32000,"5,532"
32017,32000,"5,183"
32019,32000,"57,510"
32021,32000,"4,505"
32023,32000,"46,523"
32027,32000,"6,725"
32029,32000,"4,123"
32031,32000,"471,519"
32033,32000,"9,580"
32510,32000,"55,916"
33001,33000,"61,303"
33003,33000,"48,910"
33005,33000,"76,085"
33007,33000,"31,563"
33009,33000,"89,886"
33011,33000,"417,025"
33013,33000,"151,391"
33015,33000,"309,769"
33017,33000,"130,633"
33019,33000,"43,146"
34001,34000,"263,670"
34003,34000,"932,202"
34005,34000,"445,349"
34007,34000,"506,471"
34009,34000,"92,039"
34011,34000,"149,527"
34013,34000,"798,975"
34015,34000,"291,636"
34017,34000,"672,391"
34019,34000,"124,371"
34021,34000,"367,430"
34023,34000,"825,062"
34025,34000,"618,795"
34027,34000,"491,845"
34029,34000,"607,186"
34031,34000,"501,826"
34033,34000,"62,385"
34035,34000,"328,934"
34037,34000,"140,488"
34039,34000,"556,341"
34041,34000,"105,267"
35001,35000,"679,121"
35003,35000,"3,527"
35005,35000,"64,615"
35006,35000,"26,675"
35007,35000,"11,941"
35009,35000,"48,954"
35011,35000,"1,748"
35013,35000,"218,195"
35015,35000,"58,460"
35017,35000,"26,998"
35019,35000,"4,300"
35021,35000,625
35023,35000,"4,198"
35025,35000,"71,070"
35027,35000,"19,572"
35028,35000,"19,369"
35029,35000,"23,709"
35031,35000,"71,367"
35033,35000,"4,521"
35035,35000,"67,490"
35037,35000,"8,253"
35039,35000,"38,921"
35041,35000,"18,500"
35043,35000,"146,748"
35045,35000,"123,958"
35047,35000,"27,277"
35049,35000,"150,358"
35051,35000,"10,791"
35053,35000,"16,637"
35055,35000,"32,723"
35057,35000,"15,461"
35059,35000,"4,059"
35061,35000,"76,688"
36001,36000,"305,506"
36003,36000,"46,091"
36005,36000,"1,418,207"
36007,36000,"190,488"
36009,36000,"76,117"
36011,36000,"76,576"
36013,36000,"126,903"
36015,36000,"83,456"
36017,36000,"47,207"
36019,36000,"80,485"
36021,36000,"59,461"
36023,36000,"47,581"
36025,36000,"44,135"
36027,36000,"294,218"
36029,36000,"918,702"
36031,36000,"36,885"
36033,36000,"50,022"
36035,36000,"53,383"
36037,36000,"57,280"
36039,36000,"47,188"
36041,36000,"4,416"
36043,36000,"61,319"
36045,36000,"109,834"
36047,36000,"2,559,903"
36049,36000,"26,296"
36051,36000,"62,914"
36053,36000,"70,941"
36055,36000,"741,770"
36057,36000,"49,221"
36059,36000,"1,356,924"
36061,36000,"1,628,706"
36063,36000,"209,281"
36065,36000,"228,671"
36067,36000,"460,528"
36069,36000,"109,777"
36071,36000,"384,940"
36073,36000,"40,352"
36075,36000,"117,124"
36077,36000,"59,493"
36079,36000,"98,320"
36081,36000,"2,253,858"
36083,36000,"158,714"
36085,36000,"476,143"
36087,36000,"325,789"
36089,36000,"107,740"
36091,36000,"229,863"
36093,36000,"155,299"
36095,36000,"30,999"
36097,36000,"17,807"
36099,36000,"34,016"
36101,36000,"95,379"
36103,36000,"1,476,601"
36105,36000,"75,432"
36107,36000,"48,203"
36109,36000,"102,180"
36111,36000,"177,573"
36113,36000,"63,944"
36115,36000,"61,204"
36117,36000,"89,918"
36119,36000,"967,506"
36121,36000,"39,859"
36123,36000,"24,913"
37001,37000,"169,509"
37003,37000,"37,497"
37005,37000,"11,137"
37007,37000,"24,446"
37009,37000,"27,203"
37011,37000,"17,557"
37013,37000,"46,994"
37015,37000,"18,947"
37017,37000,"32,722"
37019,37000,"142,820"
37021,37000,"261,191"
37023,37000,"90,485"
37025,37000,"216,453"
37027,37000,"82,178"
37029,37000,"10,867"
37031,37000,"69,473"
37033,37000,"22,604"
37035,37000,"159,551"
37037,37000,"74,470"
37039,37000,"28,612"
37041,37000,"13,943"
37043,37000,"11,231"
37045,37000,"97,947"
37047,37000,"55,508"
37049,37000,"102,139"
37051,37000,"335,509"
37053,37000,"27,763"
37055,37000,"37,009"
37057,37000,"167,609"
37059,37000,"42,846"
37061,37000,"58,741"
37063,37000,"321,488"
37065,37000,"51,472"
37067,37000,"382,295"
37069,37000,"69,685"
37071,37000,"224,529"
37073,37000,"11,562"
37075,37000,"8,441"
37077,37000,"60,443"
37079,37000,"21,069"
37081,37000,"537,174"
37083,37000,"50,010"
37085,37000,"135,976"
37087,37000,"62,317"
37089,37000,"117,417"
37091,37000,"23,677"
37093,37000,"55,234"
37095,37000,"4,937"
37097,37000,"181,806"
37099,37000,"43,938"
37101,37000,"209,339"
37103,37000,"9,419"
37105,37000,"61,779"
37107,37000,"55,949"
37109,37000,"86,111"
37111,37000,"45,756"
37113,37000,"35,858"
37115,37000,"21,755"
37117,37000,"22,440"
37119,37000,"1,110,356"
37121,37000,"14,964"
37123,37000,"27,173"
37125,37000,"100,880"
37127,37000,"94,298"
37129,37000,"234,473"
37131,37000,"19,483"
37133,37000,"197,938"
37135,37000,"148,476"
37137,37000,"12,726"
37139,37000,"39,824"
37141,37000,"63,060"
37143,37000,"13,463"
37145,37000,"39,490"
37147,37000,"180,742"
37149,37000,"20,724"
37151,37000,"143,667"
37153,37000,"44,829"
37155,37000,"130,625"
37157,37000,"91,010"
37159,37000,"142,088"
37161,37000,"67,029"
37163,37000,"63,531"
37165,37000,"34,823"
37167,37000,"62,806"
37169,37000,"45,591"
37171,37000,"71,783"
37173,37000,"14,271"
37175,37000,"34,385"
37177,37000,"4,016"
37179,37000,"239,859"
37181,37000,"44,535"
37183,37000,"1,111,761"
37185,37000,"19,731"
37187,37000,"11,580"
37189,37000,"56,177"
37191,37000,"123,131"
37193,37000,"68,412"
37195,37000,"81,801"
37197,37000,"37,667"
37199,37000,"18,069"
38001,38000,"2,216"
38003,38000,"10,415"
38005,38000,"6,832"
38007,38000,928
38009,38000,"6,282"
38011,38000,"3,024"
38013,38000,"2,115"
38015,38000,"95,626"
38017,38000,"181,923"
38019,38000,"3,762"
38021,38000,"4,872"
38023,38000,"2,264"
38025,38000,"4,424"
38027,38000,"2,287"
38029,38000,"3,241"
38031,38000,"3,210"
38033,38000,"1,761"
38035,38000,"69,451"
38037,38000,"2,274"
38039,38000,"2,231"
38041,38000,"2,499"
38043,38000,"2,480"
38045,38000,"4,046"
38047,38000,"1,850"
38049,38000,"5,745"
38051,38000,"2,497"
38053,38000,"15,024"
38055,38000,"9,450"
38057,38000,"8,187"
38059,38000,"31,364"
38061,38000,"10,545"
38063,38000,"2,879"
38065,38000,"1,959"
38067,38000,"6,801"
38069,38000,"3,975"
38071,38000,"11,519"
38073,38000,"5,218"
38075,38000,"2,327"
38077,38000,"16,177"
38079,38000,"14,176"
38081,38000,"3,898"
38083,38000,"1,315"
38085,38000,"4,230"
38087,38000,750
38089,38000,"31,489"
38091,38000,"1,890"
38093,38000,"20,704"
38095,38000,"2,189"
38097,38000,"8,036"
38099,38000,"10,641"
38101,38000,"67,641"
38103,38000,"3,834"
38105,38000,"37,589"
39001,39000,"27,698"
39003,39000,"102,351"
39005,39000,"53,484"
39007,39000,"97,241"
39009,39000,"65,327"
39011,39000,"45,656"
39013,39000,"67,006"
39015,39000,"43,432"
39017,39000,"383,134"
39019,39000,"26,914"
39021,39000,"38,885"
39023,39000,"134,083"
39025,39000,"206,428"
39027,39000,"41,968"
39029,39000,"101,883"
39031,39000,"36,600"
39033,39000,"41,494"
39035,39000,"1,235,072"
39037,39000,"51,113"
39039,39000,"38,087"
39041,39000,"209,177"
39043,39000,"74,266"
39045,39000,"157,574"
39047,39000,"28,525"
39049,39000,"1,316,756"
39051,39000,"42,126"
39053,39000,"29,898"
39055,39000,"93,649"
39057,39000,"168,937"
39059,39000,"38,875"
39061,39000,"817,473"
39063,39000,"75,783"
39065,39000,"31,365"
39067,39000,"15,040"
39069,39000,"27,006"
39071,39000,"43,161"
39073,39000,"28,264"
39075,39000,"43,960"
39077,39000,"58,266"
39079,39000,"32,413"
39081,39000,"65,325"
39083,39000,"62,322"
39085,39000,"230,149"
39087,39000,"59,463"
39089,39000,"176,862"
39091,39000,"45,672"
39093,39000,"309,833"
39095,39000,"428,348"
39097,39000,"44,731"
39099,39000,"228,683"
39101,39000,"65,093"
39103,39000,"179,746"
39105,39000,"22,907"
39107,39000,"41,172"
39109,39000,"106,987"
39111,39000,"13,654"
39113,39000,"531,687"
39115,39000,"14,508"
39117,39000,"35,328"
39119,39000,"86,215"
39121,39000,"14,424"
39123,39000,"40,525"
39125,39000,"18,672"
39127,39000,"36,134"
39129,39000,"58,457"
39131,39000,"27,772"
39133,39000,"162,466"
39135,39000,"40,882"
39137,39000,"33,861"
39139,39000,"121,154"
39141,39000,"76,666"
39143,39000,"58,518"
39145,39000,"75,314"
39147,39000,"55,178"
39149,39000,"48,590"
39151,39000,"370,606"
39153,39000,"541,013"
39155,39000,"197,974"
39157,39000,"91,987"
39159,39000,"58,988"
39161,39000,"28,275"
39163,39000,"13,085"
39165,39000,"234,602"
39167,39000,"59,911"
39169,39000,"115,710"
39171,39000,"36,692"
39173,39000,"130,817"
39175,39000,"21,772"
40001,40000,"22,194"
40003,40000,"5,702"
40005,40000,"13,758"
40007,40000,"5,311"
40009,40000,"21,859"
40011,40000,"9,429"
40013,40000,"47,995"
40015,40000,"28,762"
40017,40000,"148,306"
40019,40000,"48,111"
40021,40000,"48,657"
40023,40000,"14,672"
40025,40000,"2,137"
40027,40000,"284,014"
40029,40000,"5,495"
40031,40000,"120,749"
40033,40000,"5,666"
40035,40000,"14,142"
40037,40000,"71,522"
40039,40000,"29,003"
40041,40000,"43,009"
40043,40000,"4,891"
40045,40000,"3,859"
40047,40000,"61,056"
40049,40000,"27,711"
40051,40000,"55,834"
40053,40000,"4,333"
40055,40000,"5,712"
40057,40000,"2,653"
40059,40000,"3,688"
40061,40000,"12,627"
40063,40000,"13,279"
40065,40000,"24,530"
40067,40000,"6,002"
40069,40000,"11,085"
40071,40000,"43,538"
40073,40000,"15,765"
40075,40000,"8,708"
40077,40000,"10,073"
40079,40000,"49,853"
40081,40000,"34,877"
40083,40000,"48,011"
40085,40000,"10,253"
40087,40000,"40,474"
40089,40000,"32,832"
40091,40000,"19,596"
40093,40000,"7,629"
40095,40000,"16,931"
40097,40000,"41,100"
40099,40000,"14,073"
40101,40000,"67,997"
40103,40000,"11,131"
40105,40000,"10,076"
40107,40000,"11,993"
40109,40000,"797,434"
40111,40000,"38,465"
40113,40000,"46,963"
40115,40000,"31,127"
40117,40000,"16,376"
40119,40000,"81,784"
40121,40000,"43,654"
40123,40000,"38,284"
40125,40000,"72,592"
40127,40000,"11,096"
40129,40000,"3,583"
40131,40000,"92,459"
40133,40000,"24,258"
40135,40000,"41,569"
40137,40000,"43,143"
40139,40000,"19,983"
40141,40000,"7,250"
40143,40000,"651,552"
40145,40000,"81,289"
40147,40000,"51,527"
40149,40000,"10,916"
40151,40000,"8,793"
40153,40000,"20,211"
41001,41000,"16,124"
41003,41000,"93,053"
41005,41000,"418,187"
41007,41000,"40,224"
41009,41000,"52,354"
41011,41000,"64,487"
41013,41000,"24,404"
41015,41000,"22,925"
41017,41000,"197,692"
41019,41000,"110,980"
41021,41000,"1,912"
41023,41000,"7,199"
41025,41000,"7,393"
41027,41000,"23,382"
41029,41000,"220,944"
41031,41000,"24,658"
41033,41000,"87,487"
41035,41000,"68,238"
41037,41000,"7,869"
41039,41000,"382,067"
41041,41000,"49,962"
41043,41000,"129,749"
41045,41000,"30,571"
41047,41000,"347,818"
41049,41000,"11,603"
41051,41000,"812,855"
41053,41000,"86,085"
41055,41000,"1,780"
41057,41000,"27,036"
41059,41000,"77,950"
41061,41000,"26,835"
41063,41000,"7,208"
41065,41000,"26,682"
41067,41000,"601,592"
41069,41000,"1,332"
41071,41000,"107,100"
42001,42000,"103,009"
42003,42000,"1,216,045"
42005,42000,"64,735"
42007,42000,"163,929"
42009,42000,"47,888"
42011,42000,"421,164"
42013,42000,"121,829"
42015,42000,"60,323"
42017,42000,"628,270"
42019,42000,"187,853"
42021,42000,"130,192"
42023,42000,"4,447"
42025,42000,"64,182"
42027,42000,"162,385"
42029,42000,"524,989"
42031,42000,"38,438"
42033,42000,"79,255"
42035,42000,"38,632"
42037,42000,"64,964"
42039,42000,"84,629"
42041,42000,"253,370"
42043,42000,"278,299"
42045,42000,"566,747"
42047,42000,"29,910"
42049,42000,"269,728"
42051,42000,"129,274"
42053,42000,"7,247"
42055,42000,"155,027"
42057,42000,"14,530"
42059,42000,"36,233"
42061,42000,"45,144"
42063,42000,"84,073"
42065,42000,"43,425"
42067,42000,"24,763"
42069,42000,"209,674"
42071,42000,"545,724"
42073,42000,"85,512"
42075,42000,"141,793"
42077,42000,"369,318"
42079,42000,"317,417"
42081,42000,"113,299"
42083,42000,"40,625"
42085,42000,"109,424"
42087,42000,"46,138"
42089,42000,"170,271"
42091,42000,"830,915"
42093,42000,"18,230"
42095,42000,"305,285"
42097,42000,"90,843"
42099,42000,"46,272"
42101,42000,"1,584,064"
42103,42000,"55,809"
42105,42000,"16,526"
42107,42000,"141,359"
42109,42000,"40,372"
42111,42000,"73,447"
42113,42000,"6,066"
42115,42000,"40,328"
42117,42000,"40,591"
42119,42000,"44,923"
42121,42000,"50,668"
42123,42000,"39,191"
42125,42000,"206,865"
42127,42000,"51,361"
42129,42000,"348,899"
42131,42000,"26,794"
42133,42000,"449,058"
44001,44000,"48,479"
44003,44000,"164,292"
44005,44000,"82,082"
44007,44000,"638,931"
44009,44000,"125,577"
45001,45000,"24,527"
45003,45000,"170,872"
45005,45000,"8,688"
45007,45000,"202,558"
45009,45000,"14,066"
45011,45000,"20,866"
45013,45000,"192,122"
45015,45000,"227,907"
45017,45000,"14,553"
45019,45000,"411,406"
45021,45000,"57,300"
45023,45000,"32,244"
45025,45000,"45,650"
45027,45000,"33,745"
45029,45000,"37,677"
45031,45000,"66,618"
45033,45000,"30,479"
45035,45000,"162,809"
45037,45000,"27,260"
45039,45000,"22,347"
45041,45000,"138,293"
45043,45000,"62,680"
45045,45000,"523,542"
45047,45000,"70,811"
45049,45000,"19,222"
45051,45000,"354,081"
45053,45000,"30,073"
45055,45000,"66,551"
45057,45000,"98,012"
45059,45000,"67,493"
45061,45000,"16,828"
45063,45000,"298,750"
45065,45000,"9,463"
45067,45000,"30,657"
45069,45000,"26,118"
45071,45000,"38,440"
45073,45000,"79,546"
45075,45000,"86,175"
45077,45000,"126,884"
45079,45000,"415,759"
45081,45000,"20,473"
45083,45000,"319,785"
45085,45000,"106,721"
45087,45000,"27,316"
45089,45000,"30,368"
45091,45000,"280,979"
46003,46000,"2,751"
46005,46000,"18,453"
46007,46000,"3,365"
46009,46000,"6,901"
46011,46000,"35,077"
46013,46000,"38,839"
46015,46000,"5,297"
46017,46000,"1,962"
46019,46000,"10,429"
46021,46000,"1,376"
46023,46000,"9,292"
46025,46000,"3,736"
46027,46000,"14,070"
46029,46000,"28,009"
46031,46000,"4,086"
46033,46000,"8,972"
46035,46000,"19,775"
46037,46000,"5,424"
46039,46000,"4,351"
46041,46000,"5,892"
46043,46000,"2,921"
46045,46000,"3,829"
46047,46000,"6,713"
46049,46000,"2,299"
46051,46000,"7,052"
46053,46000,"4,185"
46055,46000,"1,899"
46057,46000,"6,164"
46059,46000,"3,191"
46061,46000,"3,453"
46063,46000,"1,298"
46065,46000,"17,526"
46067,46000,"7,291"
46069,46000,"1,301"
46071,46000,"3,344"
46073,46000,"2,013"
46075,46000,903
46077,46000,"4,939"
46079,46000,"12,797"
46081,46000,"25,844"
46083,46000,"61,128"
46085,46000,"3,781"
46087,46000,"5,586"
46089,46000,"2,379"
46091,46000,"4,935"
46093,46000,"28,332"
46095,46000,"2,061"
46097,46000,"2,216"
46099,46000,"193,134"
46101,46000,"6,576"
46102,46000,"14,177"
46103,46000,"113,775"
46105,46000,"2,865"
46107,46000,"2,153"
46109,46000,"10,394"
46111,46000,"2,344"
46115,46000,"6,376"
46117,46000,"3,098"
46119,46000,"1,391"
46121,46000,"10,177"
46123,46000,"5,441"
46125,46000,"8,384"
46127,46000,"15,932"
46129,46000,"5,435"
46135,46000,"22,814"
46137,46000,"2,756"
47001,47000,"76,978"
47003,47000,"49,713"
47005,47000,"16,160"
47007,47000,"15,064"
47009,47000,"133,088"
47011,47000,"108,110"
47013,47000,"39,842"
47015,47000,"14,678"
47017,47000,"27,767"
47019,47000,"56,391"
47021,47000,"40,667"
47023,47000,"17,297"
47025,47000,"31,959"
47027,47000,"7,615"
47029,47000,"36,004"
47031,47000,"56,520"
47033,47000,"14,230"
47035,47000,"60,520"
47037,47000,"694,144"
47039,47000,"11,663"
47041,47000,"20,490"
47043,47000,"53,948"
47045,47000,"37,159"
47047,47000,"41,133"
47049,47000,"18,523"
47051,47000,"42,208"
47053,47000,"49,133"
47055,47000,"29,464"
47057,47000,"23,320"
47059,47000,"69,069"
47061,47000,"13,427"
47063,47000,"64,934"
47065,47000,"367,804"
47067,47000,"6,620"
47069,47000,"25,050"
47071,47000,"25,652"
47073,47000,"56,786"
47075,47000,"17,304"
47077,47000,"28,117"
47079,47000,"32,345"
47081,47000,"25,178"
47083,47000,"8,201"
47085,47000,"18,582"
47087,47000,"11,786"
47089,47000,"54,495"
47091,47000,"17,788"
47093,47000,"470,313"
47095,47000,"7,016"
47097,47000,"25,633"
47099,47000,"44,142"
47101,47000,"12,268"
47103,47000,"34,366"
47105,47000,"54,068"
47107,47000,"53,794"
47109,47000,"25,694"
47111,47000,"24,602"
47113,47000,"97,984"
47115,47000,"28,907"
47117,47000,"34,375"
47119,47000,"96,387"
47121,47000,"12,422"
47123,47000,"46,545"
47125,47000,"208,993"
47127,47000,"6,488"
47129,47000,"21,403"
47131,47000,"30,069"
47133,47000,"22,241"
47135,47000,"8,076"
47137,47000,"5,048"
47139,47000,"16,832"
47141,47000,"80,245"
47143,47000,"33,167"
47145,47000,"53,382"
47147,47000,"71,813"
47149,47000,"332,285"
47151,47000,"22,068"
47153,47000,"15,026"
47155,47000,"98,250"
47157,47000,"937,166"
47159,47000,"20,157"
47161,47000,"13,715"
47163,47000,"158,348"
47165,47000,"191,283"
47167,47000,"61,599"
47169,47000,"11,284"
47171,47000,"17,883"
47173,47000,"19,972"
47175,47000,"5,872"
47177,47000,"41,277"
47179,47000,"129,375"
47181,47000,"16,673"
47183,47000,"33,328"
47185,47000,"27,345"
47187,47000,"238,412"
47189,47000,"144,657"
48001,48000,"57,735"
48003,48000,"18,705"
48005,48000,"86,715"
48007,48000,"23,510"
48009,48000,"8,553"
48011,48000,"1,887"
48013,48000,"51,153"
48015,48000,"30,032"
48017,48000,"7,000"
48019,48000,"23,112"
48021,48000,"88,723"
48023,48000,"3,509"
48025,48000,"32,565"
48027,48000,"362,924"
48029,48000,"2,003,554"
48031,48000,"11,931"
48033,48000,654
48035,48000,"18,685"
48037,48000,"93,245"
48039,48000,"374,264"
48041,48000,"229,211"
48043,48000,"9,203"
48045,48000,"1,546"
48047,48000,"7,093"
48049,48000,"37,864"
48051,48000,"18,443"
48053,48000,"48,155"
48055,48000,"43,664"
48057,48000,"21,290"
48059,48000,"13,943"
48061,48000,"423,163"
48063,48000,"13,094"
48065,48000,"5,926"
48067,48000,"30,026"
48069,48000,"7,530"
48071,48000,"43,837"
48073,48000,"52,646"
48075,48000,"7,306"
48077,48000,"10,471"
48079,48000,"2,853"
48081,48000,"3,387"
48083,48000,"8,175"
48085,48000,"1,034,730"
48087,48000,"2,920"
48089,48000,"21,493"
48091,48000,"156,209"
48093,48000,"13,635"
48095,48000,"2,726"
48097,48000,"41,257"
48099,48000,"75,951"
48101,48000,"1,398"
48103,48000,"4,797"
48105,48000,"3,464"
48107,48000,"5,737"
48109,48000,"2,171"
48111,48000,"7,287"
48113,48000,"2,635,516"
48115,48000,"12,728"
48117,48000,"18,546"
48119,48000,"5,331"
48121,48000,"887,207"
48123,48000,"20,160"
48125,48000,"2,211"
48127,48000,"10,124"
48129,48000,"3,278"
48131,48000,"11,157"
48133,48000,"18,360"
48135,48000,"166,223"
48137,48000,"1,932"
48139,48000,"184,826"
48141,48000,"839,238"
48143,48000,"42,698"
48145,48000,"17,297"
48147,48000,"35,514"
48149,48000,"25,346"
48151,48000,"3,830"
48153,48000,"5,712"
48155,48000,"1,155"
48157,48000,"811,688"
48159,48000,"10,725"
48161,48000,"19,717"
48163,48000,"20,306"
48165,48000,"21,492"
48167,48000,"342,139"
48169,48000,"6,229"
48171,48000,"26,988"
48173,48000,"1,409"
48175,48000,"7,658"
48177,48000,"20,837"
48179,48000,"21,886"
48181,48000,"136,212"
48183,48000,"123,945"
48185,48000,"28,880"
48187,48000,"166,847"
48189,48000,"33,406"
48191,48000,"2,964"
48193,48000,"8,461"
48195,48000,"5,399"
48197,48000,"3,933"
48199,48000,"57,602"
48201,48000,"4,713,325"
48203,48000,"66,553"
48205,48000,"5,576"
48207,48000,"5,658"
48209,48000,"230,191"
48211,48000,"3,819"
48213,48000,"82,737"
48215,48000,"868,707"
48217,48000,"36,649"
48219,48000,"23,021"
48221,48000,"61,643"
48223,48000,"37,084"
48225,48000,"22,968"
48227,48000,"36,664"
48229,48000,"4,886"
48231,48000,"98,594"
48233,48000,"20,938"
48235,48000,"1,536"
48237,48000,"8,935"
48239,48000,"14,760"
48241,48000,"35,529"
48243,48000,"2,274"
48245,48000,"251,565"
48247,48000,"5,200"
48249,48000,"40,482"
48251,48000,"175,817"
48253,48000,"20,083"
48255,48000,"15,601"
48257,48000,"136,154"
48259,48000,"47,431"
48261,48000,404
48263,48000,762
48265,48000,"52,600"
48267,48000,"4,337"
48269,48000,272
48271,48000,"3,667"
48273,48000,"30,680"
48275,48000,"3,664"
48277,48000,"49,859"
48279,48000,"12,893"
48281,48000,"21,428"
48283,48000,"7,520"
48285,48000,"20,154"
48287,48000,"17,239"
48289,48000,"17,404"
48291,48000,"88,219"
48293,48000,"23,437"
48295,48000,"3,233"
48297,48000,"12,207"
48299,48000,"21,795"
48301,48000,169
48303,48000,"310,569"
48305,48000,"5,951"
48307,48000,"7,984"
48309,48000,"256,623"
48311,48000,743
48313,48000,"14,284"
48315,48000,"9,854"
48317,48000,"5,771"
48319,48000,"4,274"
48321,48000,"36,643"
48323,48000,"58,722"
48325,48000,"51,584"
48327,48000,"2,138"
48329,48000,"176,832"
48331,48000,"24,823"
48333,48000,"4,873"
48335,48000,"8,545"
48337,48000,"19,818"
48339,48000,"607,391"
48341,48000,"20,940"
48343,48000,"12,388"
48345,48000,"1,200"
48347,48000,"65,204"
48349,48000,"50,113"
48351,48000,"13,595"
48353,48000,"14,714"
48355,48000,"362,294"
48357,48000,"9,836"
48359,48000,"2,112"
48361,48000,"83,396"
48363,48000,"29,189"
48365,48000,"23,194"
48367,48000,"142,878"
48369,48000,"9,605"
48371,48000,"15,823"
48373,48000,"51,353"
48375,48000,"117,415"
48377,48000,"6,704"
48379,48000,"12,514"
48381,48000,"137,713"
48383,48000,"3,849"
48385,48000,"3,452"
48387,48000,"12,023"
48389,48000,"15,976"
48391,48000,"6,948"
48393,48000,854
48395,48000,"17,074"
48397,48000,"104,915"
48399,48000,"10,264"
48401,48000,"54,406"
48403,48000,"10,542"
48405,48000,"8,237"
48407,48000,"28,859"
48409,48000,"66,730"
48411,48000,"6,055"
48413,48000,"2,793"
48415,48000,"16,703"
48417,48000,"3,265"
48419,48000,"25,274"
48421,48000,"3,022"
48423,48000,"232,751"
48425,48000,"9,128"
48427,48000,"64,633"
48429,48000,"9,366"
48431,48000,"1,291"
48433,48000,"1,350"
48435,48000,"3,776"
48437,48000,"7,397"
48439,48000,"2,102,515"
48441,48000,"138,034"
48443,48000,776
48445,48000,"12,337"
48447,48000,"1,501"
48449,48000,"32,750"
48451,48000,"119,200"
48453,48000,"1,273,954"
48455,48000,"14,651"
48457,48000,"21,672"
48459,48000,"41,753"
48461,48000,"3,657"
48463,48000,"26,741"
48465,48000,"49,025"
48467,48000,"56,590"
48469,48000,"92,084"
48471,48000,"72,971"
48473,48000,"55,246"
48475,48000,"11,998"
48477,48000,"35,882"
48479,48000,"276,652"
48481,48000,"41,556"
48483,48000,"5,056"
48485,48000,"132,230"
48487,48000,"12,769"
48489,48000,"21,358"
48491,48000,"590,551"
48493,48000,"51,070"
48495,48000,"8,010"
48497,48000,"69,984"
48499,48000,"45,539"
48501,48000,"8,713"
48503,48000,"18,010"
48505,48000,"14,179"
48507,48000,"11,840"
49001,49000,"6,710"
49003,49000,"56,046"
49005,49000,"128,289"
49007,49000,"20,463"
49009,49000,950
49011,49000,"355,481"
49013,49000,"19,938"
49015,49000,"10,012"
49017,49000,"5,051"
49019,49000,"9,754"
49021,49000,"54,839"
49023,49000,"12,017"
49025,49000,"7,886"
49027,49000,"13,188"
49029,49000,"12,124"
49031,49000,"1,479"
49033,49000,"2,483"
49035,49000,"1,160,437"
49037,49000,"15,308"
49039,49000,"30,939"
49041,49000,"21,620"
49043,49000,"42,145"
49045,49000,"72,259"
49047,49000,"35,734"
49049,49000,"636,235"
49051,49000,"34,091"
49053,49000,"177,556"
49055,49000,"2,711"
49057,49000,"260,213"
50001,50000,"36,777"
50003,50000,"35,470"
50005,50000,"29,993"
50007,50000,"163,774"
50009,50000,"6,163"
50011,50000,"49,402"
50013,50000,"7,235"
50015,50000,"25,362"
50017,50000,"28,892"
50019,50000,"27,037"
50021,50000,"58,191"
50023,50000,"58,409"
50025,50000,"42,222"
50027,50000,"55,062"
51001,51000,"32,316"
51003,51000,"109,330"
51005,51000,"14,860"
51007,51000,"13,145"
51009,51000,"31,605"
51011,51000,"15,911"
51013,51000,"236,842"
51015,51000,"75,558"
51017,51000,"4,147"
51019,51000,"78,997"
51021,51000,"6,280"
51023,51000,"33,419"
51025,51000,"16,231"
51027,51000,"21,004"
51029,51000,"17,148"
51031,51000,"54,885"
51033,51000,"30,725"
51035,51000,"29,791"
51036,51000,"6,963"
51037,51000,"11,880"
51041,51000,"352,802"
51043,51000,"14,619"
51045,51000,"5,131"
51047,51000,"52,605"
51049,51000,"9,932"
51051,51000,"14,318"
51053,51000,"28,544"
51057,51000,"10,953"
51059,51000,"1,147,532"
51061,51000,"71,222"
51063,51000,"15,749"
51065,51000,"27,270"
51067,51000,"56,042"
51069,51000,"89,313"
51071,51000,"16,720"
51073,51000,"37,348"
51075,51000,"23,753"
51077,51000,"15,550"
51079,51000,"19,819"
51081,51000,"11,336"
51083,51000,"33,911"
51085,51000,"107,766"
51087,51000,"330,818"
51089,51000,"50,557"
51091,51000,"2,190"
51093,51000,"37,109"
51095,51000,"76,523"
51097,51000,"7,025"
51099,51000,"26,836"
51101,51000,"17,148"
51103,51000,"10,603"
51105,51000,"23,423"
51107,51000,"413,538"
51109,51000,"37,591"
51111,51000,"12,196"
51113,51000,"13,261"
51115,51000,"8,834"
51117,51000,"30,587"
51119,51000,"10,582"
51121,51000,"98,535"
51125,51000,"14,930"
51127,51000,"23,091"
51131,51000,"11,710"
51133,51000,"12,095"
51135,51000,"15,232"
51137,51000,"37,051"
51139,51000,"23,902"
51141,51000,"17,608"
51143,51000,"60,354"
51145,51000,"29,652"
51147,51000,"22,802"
51149,51000,"38,353"
51153,51000,"470,335"
51155,51000,"34,027"
51157,51000,"7,370"
51159,51000,"9,023"
51161,51000,"94,186"
51163,51000,"22,573"
51165,51000,"81,948"
51167,51000,"26,586"
51169,51000,"21,566"
51171,51000,"43,616"
51173,51000,"30,104"
51175,51000,"17,631"
51177,51000,"136,215"
51179,51000,"152,882"
51181,51000,"6,422"
51183,51000,"11,159"
51185,51000,"40,595"
51187,51000,"40,164"
51191,51000,"53,740"
51193,51000,"18,015"
51195,51000,"37,383"
51197,51000,"28,684"
51199,51000,"68,280"
51510,51000,"159,428"
51520,51000,"16,762"
51530,51000,"6,478"
51540,51000,"47,266"
51550,51000,"244,835"
51570,51000,"17,370"
51580,51000,"5,538"
51590,51000,"40,044"
51595,51000,"5,346"
51600,51000,"24,019"
51610,51000,"14,617"
51620,51000,"7,967"
51630,51000,"29,036"
51640,51000,"6,347"
51650,51000,"134,510"
51660,51000,"53,016"
51670,51000,"22,529"
51678,51000,"7,446"
51680,51000,"82,168"
51683,51000,"41,085"
51685,51000,"17,478"
51690,51000,"12,554"
51700,51000,"179,225"
51710,51000,"242,742"
51720,51000,"3,981"
51730,51000,"31,346"
51735,51000,"12,271"
51740,51000,"94,398"
51750,51000,"18,249"
51760,51000,"230,436"
51770,51000,"99,143"
51775,51000,"25,301"
51790,51000,"24,932"
51800,51000,"92,108"
51810,51000,"449,974"
51820,51000,"22,630"
51830,51000,"14,954"
51840,51000,"28,078"
53001,53000,"19,983"
53003,53000,"22,582"
53005,53000,"204,390"
53007,53000,"77,200"
53009,53000,"77,331"
53011,53000,"488,241"
53013,53000,"3,985"
53015,53000,"110,593"
53017,53000,"43,429"
53019,53000,"7,627"
53021,53000,"95,222"
53023,53000,"2,225"
53025,53000,"97,733"
53027,53000,"75,061"
53029,53000,"85,141"
53031,53000,"32,221"
53033,53000,"2,252,782"
53035,53000,"271,473"
53037,53000,"47,935"
53039,53000,"22,425"
53041,53000,"80,707"
53043,53000,"10,939"
53045,53000,"66,768"
53047,53000,"42,243"
53049,53000,"22,471"
53051,53000,"13,724"
53053,53000,"904,980"
53055,53000,"17,582"
53057,53000,"129,205"
53059,53000,"12,083"
53061,53000,"822,083"
53063,53000,"522,798"
53065,53000,"45,723"
53067,53000,"290,536"
53069,53000,"4,488"
53071,53000,"60,760"
53073,53000,"229,247"
53075,53000,"50,104"
53077,53000,"250,873"
54001,54000,"16,441"
54003,54000,"119,171"
54005,54000,"21,457"
54007,54000,"13,957"
54009,54000,"21,939"
54011,54000,"91,945"
54013,54000,"7,109"
54015,54000,"8,508"
54017,54000,"8,448"
54019,54000,"42,406"
54021,54000,"7,823"
54023,54000,"11,568"
54025,54000,"34,662"
54027,54000,"23,175"
54029,54000,"28,810"
54031,54000,"13,776"
54033,54000,"67,256"
54035,54000,"28,576"
54037,54000,"57,146"
54039,54000,"178,124"
54041,54000,"15,907"
54043,54000,"20,409"
54045,54000,"32,019"
54047,54000,"17,624"
54049,54000,"56,072"
54051,54000,"30,531"
54053,54000,"26,516"
54055,54000,"58,758"
54057,54000,"26,868"
54059,54000,"23,424"
54061,54000,"105,612"
54063,54000,"13,275"
54065,54000,"17,884"
54067,54000,"24,496"
54069,54000,"41,411"
54071,54000,"6,969"
54073,54000,"7,460"
54075,54000,"8,247"
54077,54000,"33,432"
54079,54000,"56,450"
54081,54000,"73,361"
54083,54000,"28,695"
54085,54000,"9,554"
54087,54000,"13,688"
54089,54000,"12,573"
54091,54000,"16,695"
54093,54000,"6,839"
54095,54000,"8,591"
54097,54000,"24,176"
54099,54000,"39,402"
54101,54000,"8,114"
54103,54000,"15,065"
54105,54000,"5,821"
54107,54000,"83,518"
54109,54000,"20,394"
55001,55000,"20,220"
55003,55000,"15,562"
55005,55000,"45,244"
55007,55000,"15,036"
55009,55000,"264,542"
55011,55000,"13,031"
55013,55000,"15,414"
55015,55000,"50,089"
55017,55000,"64,658"
55019,55000,"34,774"
55021,55000,"57,532"
55023,55000,"16,131"
55025,55000,"546,695"
55027,55000,"87,839"
55029,55000,"27,668"
55031,55000,"43,150"
55033,55000,"45,368"
55035,55000,"104,646"
55037,55000,"4,295"
55039,55000,"103,403"
55041,55000,"9,004"
55043,55000,"51,439"
55045,55000,"36,960"
55047,55000,"18,913"
55049,55000,"23,678"
55051,55000,"5,687"
55053,55000,"20,643"
55055,55000,"84,769"
55057,55000,"26,687"
55059,55000,"169,561"
55061,55000,"20,434"
55063,55000,"118,016"
55065,55000,"16,665"
55067,55000,"19,189"
55069,55000,"27,593"
55071,55000,"78,981"
55073,55000,"135,692"
55075,55000,"40,350"
55077,55000,"15,574"
55078,55000,"4,556"
55079,55000,"945,726"
55081,55000,"46,253"
55083,55000,"37,930"
55085,55000,"35,595"
55087,55000,"187,885"
55089,55000,"89,221"
55091,55000,"7,287"
55093,55000,"42,754"
55095,55000,"43,783"
55097,55000,"70,772"
55099,55000,"13,351"
55101,55000,"196,311"
55103,55000,"17,252"
55105,55000,"163,354"
55107,55000,"14,178"
55109,55000,"90,687"
55111,55000,"64,442"
55113,55000,"16,558"
55115,55000,"40,899"
55117,55000,"115,340"
55119,55000,"20,343"
55121,55000,"29,649"
55123,55000,"30,822"
55125,55000,"22,195"
55127,55000,"103,868"
55129,55000,"15,720"
55131,55000,"136,034"
55133,55000,"404,198"
55135,55000,"50,990"
55137,55000,"24,443"
55139,55000,"171,907"
55141,55000,"72,999"
56001,56000,"38,880"
56003,56000,"11,790"
56005,56000,"46,341"
56007,56000,"14,800"
56009,56000,"13,822"
56011,56000,"7,584"
56013,56000,"39,261"
56015,56000,"13,211"
56017,56000,"4,413"
56019,56000,"8,445"
56021,56000,"99,500"
56023,56000,"19,830"
56025,56000,"79,858"
56027,56000,"2,356"
56029,56000,"29,194"
56031,56000,"8,393"
56033,56000,"30,485"
56035,56000,"9,831"
56037,56000,"42,343"
56039,56000,"23,464"
56041,56000,"20,226"
56043,56000,"7,805"
56045,56000,"6,927"
